-- phpMyAdmin SQL Dump
-- version 5.2.1
-- https://www.phpmyadmin.net/
--
-- Host: localhost:3306
-- Generation Time: May 27, 2024 at 11:31 AM
-- Server version: 5.7.23-23
-- PHP Version: 8.1.28

SET SQL_MODE = "NO_AUTO_VALUE_ON_ZERO";
START TRANSACTION;
SET time_zone = "+00:00";


/*!40101 SET @OLD_CHARACTER_SET_CLIENT=@@CHARACTER_SET_CLIENT */;
/*!40101 SET @OLD_CHARACTER_SET_RESULTS=@@CHARACTER_SET_RESULTS */;
/*!40101 SET @OLD_COLLATION_CONNECTION=@@COLLATION_CONNECTION */;
/*!40101 SET NAMES utf8mb4 */;

--
-- Database: `soticomm_VIDO_SOTI`
--
-- CREATE DATABASE IF NOT EXISTS `soticomm_VIDO_SOTI` DEFAULT CHARACTER SET utf8 COLLATE utf8_unicode_ci;
   USE `soticomm_VIDO_SOTI`;

CREATE TABLE `AUSENCIA` (
  `AUSENCIA_ID` int(10) NOT NULL AUTO_INCREMENT,
  `USUARIO_ID` int(10) NOT NULL,
  `FECHA` datetime NOT NULL,
  `OBSERVACIONES` varchar(255) DEFAULT NULL,
  `TIPO_AUSENCIA_ID` int(10) NOT NULL,
  `USUARIO_AUTORIZO` int(10) NOT NULL,
  PRIMARY KEY (`AUSENCIA_ID`),
  KEY `FKAUSENCIA240672` (`TIPO_AUSENCIA_ID`),
  KEY `FKAUSENCIA178393` (`USUARIO_AUTORIZO`),
  KEY `FKAUSENCIA543709` (`USUARIO_ID`)
) ENGINE=MyISAM AUTO_INCREMENT=56 DEFAULT CHARSET=latin1;

CREATE TABLE `CATALOGO_ACTIVIDADES` (
  `CATALOGO_ACTIVIDADES_ID` int(11) NOT NULL AUTO_INCREMENT,
  `NOMBRE` varchar(100) COLLATE utf8_unicode_ci NOT NULL,
  `ESTATUS` varchar(1) COLLATE utf8_unicode_ci NOT NULL,
  `USUARIO_CREADOR` varchar(99) COLLATE utf8_unicode_ci NOT NULL,
  `FECHA_HORA_CREACION` datetime NOT NULL,
  `USUARIO_MODIFICACION` varchar(99) COLLATE utf8_unicode_ci DEFAULT NULL,
  `FECHA_HORA_MODIFICACION` datetime DEFAULT NULL,
  PRIMARY KEY (`CATALOGO_ACTIVIDADES_ID`)
) ENGINE=InnoDB AUTO_INCREMENT=3 DEFAULT CHARSET=utf8 COLLATE=utf8_unicode_ci;

CREATE TABLE `CATALOGO_CHEQUEO` (
  `CATALOGO_CHEQUEO_ID` int(11) NOT NULL AUTO_INCREMENT,
  `NOMBRE` varchar(100) COLLATE utf8_unicode_ci DEFAULT NULL,
  `ESTATUS` varchar(1) COLLATE utf8_unicode_ci DEFAULT NULL,
  `USUARIO_CREADOR` varchar(99) COLLATE utf8_unicode_ci NOT NULL,
  `FECHA_HORA_CREACION` datetime NOT NULL,
  `USUARIO_MODIFICACION` varchar(99) COLLATE utf8_unicode_ci DEFAULT NULL,
  `FECHA_HORA_MODIFICACION` datetime DEFAULT NULL,
  PRIMARY KEY (`CATALOGO_CHEQUEO_ID`)
) ENGINE=InnoDB AUTO_INCREMENT=4 DEFAULT CHARSET=utf8 COLLATE=utf8_unicode_ci;

CREATE TABLE `CATEGORIAS_PROMOTOR` (
  `CATEGORIA_PROMOTOR_ID` int(10) NOT NULL AUTO_INCREMENT,
  `NOMBRE` varchar(100) COLLATE utf8_unicode_ci NOT NULL,
  `CLAVE` varchar(100) COLLATE utf8_unicode_ci NOT NULL,
  PRIMARY KEY (`CATEGORIA_PROMOTOR_ID`)
) ENGINE=InnoDB AUTO_INCREMENT=8 DEFAULT CHARSET=utf8 COLLATE=utf8_unicode_ci;

CREATE TABLE `CHECADA` (
  `CHECADA_ID` int(10) NOT NULL AUTO_INCREMENT,
  `USUARIO_ID` int(10) NOT NULL,
  `SUCURSAL_ID` int(10) NOT NULL,
  `FECHA` datetime NOT NULL,
  `TIPO` char(2) NOT NULL,
  PRIMARY KEY (`CHECADA_ID`),
  KEY `FKCHECADA514025` (`USUARIO_ID`),
  KEY `FKCHECADA874148` (`SUCURSAL_ID`)
) ENGINE=MyISAM AUTO_INCREMENT=1700 DEFAULT CHARSET=latin1;

CREATE TABLE `CHEQUEO_COMPETENCIA` (
  `CHEQUEO_COMPETENCIA_ID` int(10) NOT NULL AUTO_INCREMENT,
  `FOLIO` varchar(20) COLLATE utf8_unicode_ci NOT NULL,
  `FECHA_REVISION` date NOT NULL,
  `HORA_INICIO` time DEFAULT NULL,
  `HORA_FIN` time DEFAULT NULL,
  `ESTATUS` varchar(1) COLLATE utf8_unicode_ci NOT NULL,
  `USUARIO_ASIGNADO` varchar(99) COLLATE utf8_unicode_ci NOT NULL,
  `USUARIO_CREADOR` varchar(99) COLLATE utf8_unicode_ci NOT NULL,
  `FECHA_HORA_CREACION` datetime NOT NULL,
  `USUARIO_MODIFICACION` varchar(99) COLLATE utf8_unicode_ci DEFAULT NULL,
  `FECHA_HORA_MODIFICACION` datetime DEFAULT NULL,
  `CLIENTE_SOLICITO_ID` int(10) NOT NULL,
  PRIMARY KEY (`CHEQUEO_COMPETENCIA_ID`)
) ENGINE=InnoDB AUTO_INCREMENT=445 DEFAULT CHARSET=utf8 COLLATE=utf8_unicode_ci;

CREATE TABLE `CLIENTES` (
  `CLIENTE_ID` int(10) NOT NULL AUTO_INCREMENT,
  `NOMBRE` varchar(100) COLLATE utf8_unicode_ci NOT NULL,
  `RFC` varchar(13) COLLATE utf8_unicode_ci DEFAULT NULL,
  `CLAVE` varchar(50) COLLATE utf8_unicode_ci DEFAULT NULL,
  `DIRECCION` varchar(100) COLLATE utf8_unicode_ci DEFAULT NULL,
  `NUM_EXT` varchar(10) COLLATE utf8_unicode_ci DEFAULT NULL,
  `NUM_INT` varchar(10) COLLATE utf8_unicode_ci DEFAULT NULL,
  `TELEFONO` varchar(10) COLLATE utf8_unicode_ci DEFAULT NULL,
  `CALLE` varchar(100) COLLATE utf8_unicode_ci NOT NULL,
  `COLONIA` varchar(100) COLLATE utf8_unicode_ci NOT NULL,
  `C_P` varchar(10) COLLATE utf8_unicode_ci NOT NULL,
  `CIUDAD` varchar(100) COLLATE utf8_unicode_ci NOT NULL,
  `ESTADO` varchar(100) COLLATE utf8_unicode_ci NOT NULL,
  `PAIS` varchar(100) COLLATE utf8_unicode_ci NOT NULL,
  `IMAGEN` blob,
  `FALTANTES_LIM` int(10) DEFAULT NULL,
  `USUARIO_CREADOR` varchar(99) COLLATE utf8_unicode_ci DEFAULT NULL,
  `FECHA_HORA_CREACION` date DEFAULT NULL,
  `USUARIO_MODIFICACION` varchar(99) COLLATE utf8_unicode_ci DEFAULT NULL,
  `FECHA_HORA_MODIFICACION` date DEFAULT NULL,
  PRIMARY KEY (`CLIENTE_ID`)
) ENGINE=InnoDB AUTO_INCREMENT=26 DEFAULT CHARSET=utf8 COLLATE=utf8_unicode_ci;

CREATE TABLE `COMPONENTES` (
  `COMPONENTE_ID` int(10) NOT NULL,
  `NOMBRE_COMPONENTE` varchar(100) COLLATE utf8_unicode_ci DEFAULT NULL,
  `TIPO_DATO` varchar(100) COLLATE utf8_unicode_ci DEFAULT NULL,
  PRIMARY KEY (`COMPONENTE_ID`)
) ENGINE=InnoDB DEFAULT CHARSET=utf8 COLLATE=utf8_unicode_ci;

CREATE TABLE `DEPARTAMENTOS` (
  `DEPARTAMENTO_ID` int(10) NOT NULL AUTO_INCREMENT,
  `NOMBRE` varchar(100) COLLATE utf8_unicode_ci NOT NULL,
  `CLAVE` varchar(50) COLLATE utf8_unicode_ci NOT NULL,
  `DIVISION_ID` int(11) DEFAULT NULL,
  `USUARIO_CREADOR` varchar(99) COLLATE utf8_unicode_ci DEFAULT NULL,
  `FECHA_HORA_CREACION` date DEFAULT NULL,
  `USUARIO_MODIFICACION` varchar(99) COLLATE utf8_unicode_ci DEFAULT NULL,
  `FECHA_HORA_MODIFICACION` date DEFAULT NULL,
  PRIMARY KEY (`DEPARTAMENTO_ID`)
) ENGINE=InnoDB AUTO_INCREMENT=52 DEFAULT CHARSET=utf8 COLLATE=utf8_unicode_ci;

CREATE TABLE `DIR_SUCURSALES` (
  `DIR_SUC_ID` int(10) NOT NULL AUTO_INCREMENT,
  `NOMBRE` varchar(200) COLLATE utf8_unicode_ci DEFAULT NULL,
  `CALLE` varchar(100) COLLATE utf8_unicode_ci DEFAULT NULL,
  `COLONIA` varchar(100) COLLATE utf8_unicode_ci DEFAULT NULL,
  `NUM_EXT` varchar(10) COLLATE utf8_unicode_ci DEFAULT NULL,
  `NUM_INT` varchar(10) COLLATE utf8_unicode_ci DEFAULT NULL,
  `RFC` varchar(13) COLLATE utf8_unicode_ci DEFAULT NULL,
  `ESTADO` varchar(100) COLLATE utf8_unicode_ci DEFAULT NULL,
  `PAIS` varchar(100) COLLATE utf8_unicode_ci DEFAULT NULL,
  `CIUDAD` varchar(100) COLLATE utf8_unicode_ci DEFAULT NULL,
  `COD_POSTAL` int(10) DEFAULT NULL,
  `CORREOS` varchar(500) COLLATE utf8_unicode_ci DEFAULT NULL,
  `NUM_TELEFONO` varchar(100) COLLATE utf8_unicode_ci DEFAULT NULL,
  `REFERENCIA` varchar(200) COLLATE utf8_unicode_ci DEFAULT NULL,
  PRIMARY KEY (`DIR_SUC_ID`)
) ENGINE=InnoDB DEFAULT CHARSET=utf8 COLLATE=utf8_unicode_ci;

CREATE TABLE `DIVISION` (
  `DIVISION_ID` int(10) NOT NULL AUTO_INCREMENT,
  `NOMBRE` varchar(150) COLLATE utf8_unicode_ci DEFAULT NULL,
  `CLAVE` varchar(20) COLLATE utf8_unicode_ci DEFAULT NULL,
  PRIMARY KEY (`DIVISION_ID`)
) ENGINE=InnoDB AUTO_INCREMENT=15 DEFAULT CHARSET=utf8 COLLATE=utf8_unicode_ci;

CREATE TABLE `dominios` (
  `DOMINIO_ID` int(11) NOT NULL AUTO_INCREMENT,
  `NOMBRE` varchar(100) NOT NULL,
  `RUTA` varchar(255) NOT NULL,
  `ESTATUS` varchar(1) NOT NULL,
  `HOST` varchar(45) NOT NULL,
  `USUARIO` varchar(45) NOT NULL,
  `PASSWORD` varchar(500) NOT NULL,
  `DATABASE` varchar(45) NOT NULL,
  `CLIENTE_FK` int(10) unsigned NOT NULL,
  PRIMARY KEY (`DOMINIO_ID`)
) ENGINE=MyISAM AUTO_INCREMENT=10 DEFAULT CHARSET=latin1;

CREATE TABLE `EXISTENCIAS` (
  `EXISTENCIA_ID` int(10) unsigned NOT NULL AUTO_INCREMENT,
  `ARTICULO_ID` int(10) unsigned NOT NULL,
  `FECHA` date NOT NULL,
  `EXISTENCIA` decimal(19,6) NOT NULL,
  `SUCURSAL_ID` int(10) unsigned NOT NULL,
  `FECHA_ULT_RECIBO` varchar(45) COLLATE utf8_unicode_ci NOT NULL,
  `CAPACIDAD_EMPAQUE` varchar(45) COLLATE utf8_unicode_ci NOT NULL,
  `PROMEDIO_VENTA` decimal(19,6) DEFAULT NULL,
  `ARTICULO_80_20` varchar(45) COLLATE utf8_unicode_ci DEFAULT NULL,
  `NUM_PROV_ULT_RECIBO` varchar(45) COLLATE utf8_unicode_ci DEFAULT NULL,
  `NOM_PROV_ULT_RECIBO` varchar(45) COLLATE utf8_unicode_ci DEFAULT NULL,
  `MERCANCIA_TRANSITO` varchar(45) COLLATE utf8_unicode_ci DEFAULT NULL,
  `MERCANCIA_CEDIS` varchar(45) COLLATE utf8_unicode_ci DEFAULT NULL,
  `FECHA_ULT_PEDIDO` varchar(45) COLLATE utf8_unicode_ci DEFAULT NULL,
  `FRECUENCIA_SURTIDO` varchar(45) COLLATE utf8_unicode_ci DEFAULT NULL,
  `DIAS_INV_OBJETIVO` varchar(45) COLLATE utf8_unicode_ci DEFAULT NULL,
  `DIAS_INV_REAL` varchar(45) COLLATE utf8_unicode_ci DEFAULT NULL,
  `DIAS_DESABASTO_TIENDA` varchar(45) COLLATE utf8_unicode_ci DEFAULT NULL,
  `DIAS_SIN_VENTA` varchar(45) COLLATE utf8_unicode_ci DEFAULT NULL,
  `CONDICION_ARTICULO` varchar(45) COLLATE utf8_unicode_ci DEFAULT NULL,
  `ESTATUS` varchar(45) COLLATE utf8_unicode_ci DEFAULT NULL,
  `VIA_ABASTO` varchar(45) COLLATE utf8_unicode_ci DEFAULT NULL,
  `PRUEBAS` varchar(255) COLLATE utf8_unicode_ci DEFAULT NULL,
  PRIMARY KEY (`EXISTENCIA_ID`)
) ENGINE=InnoDB AUTO_INCREMENT=421 DEFAULT CHARSET=utf8 COLLATE=utf8_unicode_ci;

CREATE TABLE `HORARIOS` (
  `HORARIO_ID` int(10) NOT NULL AUTO_INCREMENT,
  `HORA_INICIO` time NOT NULL,
  `HORA_FIN` time NOT NULL,
  `HORA_COMIDA_INICIO` time DEFAULT NULL,
  `HORA_COMIDA_FIN` time DEFAULT NULL,
  `ESTATUS` char(1) NOT NULL,
  `DESCRIPCION` varchar(255) DEFAULT NULL,
  `LUN` varchar(1) DEFAULT NULL,
  `MAR` varchar(1) DEFAULT NULL,
  `MIE` varchar(1) DEFAULT NULL,
  `JUE` varchar(1) DEFAULT NULL,
  `VIE` varchar(1) DEFAULT NULL,
  `SAB` varchar(1) DEFAULT NULL,
  `DOM` varchar(1) DEFAULT NULL,
  `USUARIO_CREADOR` varchar(99) NOT NULL,
  `FECHA_HORA_CREACION` datetime NOT NULL,
  `USUARIO_MODIFICACION` varchar(99) DEFAULT NULL,
  `FECHA_HORA_MODIFICACION` datetime DEFAULT NULL,
  PRIMARY KEY (`HORARIO_ID`)
) ENGINE=MyISAM AUTO_INCREMENT=6 DEFAULT CHARSET=latin1;

CREATE TABLE `HORARIOS_USUARIO` (
  `HORARIO_ID` int(10) NOT NULL,
  `USUARIO_ID` int(10) NOT NULL,
  `ESTATUS` char(1) DEFAULT NULL,
  `FECHA_INICIO` date DEFAULT NULL,
  `FECHA_FIN` date DEFAULT NULL,
  PRIMARY KEY (`HORARIO_ID`,`USUARIO_ID`),
  KEY `FKHORARIOS_U258357` (`USUARIO_ID`)
) ENGINE=MyISAM DEFAULT CHARSET=latin1;

CREATE TABLE `MARCAS` (
  `MARCA_ID` int(10) NOT NULL AUTO_INCREMENT,
  `NOMBRE` varchar(100) COLLATE utf8_unicode_ci NOT NULL,
  `CLAVE` varchar(50) COLLATE utf8_unicode_ci NOT NULL,
  `USUARIO_CREADOR` varchar(99) COLLATE utf8_unicode_ci DEFAULT NULL,
  `FECHA_HORA_CREACION` date DEFAULT NULL,
  `USUARIO_MODIFICACION` varchar(99) COLLATE utf8_unicode_ci DEFAULT NULL,
  `FECHA_HORA_MODIFICACION` date DEFAULT NULL,
  PRIMARY KEY (`MARCA_ID`)
) ENGINE=InnoDB DEFAULT CHARSET=utf8 COLLATE=utf8_unicode_ci;

CREATE TABLE `ORDEN_COLUMNAS` (
  `ORDEN_ID` int(10) unsigned NOT NULL AUTO_INCREMENT,
  `TIPO_DOCUMENTO` varchar(45) COLLATE utf8_unicode_ci NOT NULL,
  `DESCRIPCION` varchar(45) COLLATE utf8_unicode_ci NOT NULL,
  `TIPO_DATO` varchar(45) COLLATE utf8_unicode_ci NOT NULL,
  `INDICE` int(10) unsigned DEFAULT NULL,
  `ENCABEZADO` varchar(45) COLLATE utf8_unicode_ci DEFAULT NULL,
  `NOMBRE_CAMPO` varchar(30) COLLATE utf8_unicode_ci DEFAULT NULL,
  `PREDEFINIDO` varchar(5) COLLATE utf8_unicode_ci DEFAULT NULL,
  PRIMARY KEY (`ORDEN_ID`)
) ENGINE=InnoDB AUTO_INCREMENT=36 DEFAULT CHARSET=utf8 COLLATE=utf8_unicode_ci;

INSERT INTO `ORDEN_COLUMNAS` VALUES (1,'EXISTENCIAS','SKU','VARCHAR',4,'SKU',NULL,'1'),(2,'EXISTENCIAS','FECHA','DATE',3,'FecGeneracion','FECHA','1'),(4,'FALTANTES','FECHA','DATE',5,NULL,NULL,'0'),(5,'EXISTENCIAS','INVENTARIO','DOUBLE',6,'ExistenciaTeorica',NULL,'1'),(9,'EXISTENCIAS','SUCURSAL','VARCHAR',2,'SUCURSAL',NULL,'1'),(16,'EXISTENCIAS','FECHA ULTIMO RECIBO','VARCHAR',15,'FecUltimoRecibo','FECHA_ULT_RECIBO','1'),(17,'EXISTENCIAS','CAPACIDAD EMPAQUE','DOUBLE',11,'Capacidad','CAPACIDAD_EMPAQUE','1'),(18,'EXISTENCIAS','Promedio de venta','VARCHAR',7,'PROMEDIOVENTA','PROMEDIO_VENTA','1'),(19,'EXISTENCIAS','Artículo 80/20','VARCHAR',8,'Art8020','ARTICULO_80_20','0'),(20,'EXISTENCIAS','Número proveedor último recibo','VARCHAR',9,'ClaveProvUltimoRecibo','NUM_PROV_ULT_RECIBO','0'),(21,'EXISTENCIAS','Nombre proveedor último recibo','VARCHAR',10,'NombreProvUltimoRecibo','NOM_PROV_ULT_RECIBO','0'),(22,'EXISTENCIAS','Mercancía tránsito','VARCHAR',13,'MciaTransito','MERCANCIA_TRANSITO','0'),(23,'EXISTENCIAS','Mercancía en cedis','VARCHAR',14,'MciaWMS','MERCANCIA_CEDIS','0'),(24,'EXISTENCIAS','Fecha último pedido','VARCHAR',NULL,'','FECHA_ULT_PEDIDO','0'),(25,'EXISTENCIAS','Frecuencia de surtido','VARCHAR',16,'FrecSurtido','FRECUENCIA_SURTIDO','0'),(26,'EXISTENCIAS','Días de inventario objetivo','VARCHAR',17,'DiasInveObj','DIAS_INV_OBJETIVO','0'),(27,'EXISTENCIAS','Días de inventario real','VARCHAR',18,'DiasInvReal','DIAS_INV_REAL','0'),(28,'EXISTENCIAS','Días de desabasto en tienda','VARCHAR',19,'DiasDeDesabastoEntienda','DIAS_DESABASTO_TIENDA','0'),(29,'EXISTENCIAS','Días sin venta','VARCHAR',20,'DiasSinVenta','DIAS_SIN_VENTA','0'),(30,'EXISTENCIAS','Condición del artículo','VARCHAR',NULL,'','CONDICION_ARTICULO','0'),(31,'EXISTENCIAS','Estatus','VARCHAR',23,'Estatus','ESTATUS','0'),(32,'EXISTENCIAS','Vía de abasto','VARCHAR',22,'ViadeAbasto','VIA_ABASTO','0'),(34,'EXISTENCIAS','Pruebas','VARCHAR',80,'Columna de pruebas','PRUEBAS','0'),(35,'EXISTENCIAS','Pruebas 2','VARCHAR',81,'Segunda prueba','PRUEBAS','0');

CREATE TABLE `PARAMETROS` (
  `PARAMETRO_ID` int(11) NOT NULL AUTO_INCREMENT,
  `NOMBRE` varchar(100) COLLATE utf8_unicode_ci NOT NULL,
  `MODULO` varchar(100) COLLATE utf8_unicode_ci NOT NULL,
  `VALOR` varchar(10) COLLATE utf8_unicode_ci NOT NULL,
  PRIMARY KEY (`PARAMETRO_ID`)
) ENGINE=InnoDB AUTO_INCREMENT=3 DEFAULT CHARSET=utf8 COLLATE=utf8_unicode_ci;

CREATE TABLE `PROGRAMACION_VISITAS` (
  `PROGRAMACION_VISITAS_ID` int(11) NOT NULL AUTO_INCREMENT,
  `FECHA_PROGRAMACION` date DEFAULT NULL,
  `ESTATUS` varchar(1) COLLATE utf8_unicode_ci DEFAULT NULL,
  `USUARIO_CREADOR` varchar(99) COLLATE utf8_unicode_ci DEFAULT NULL,
  `FECHA_HORA_CREACION` date DEFAULT NULL,
  `USUARIO_MODIFICACION` varchar(99) COLLATE utf8_unicode_ci DEFAULT NULL,
  `FECHA_HORA_MODIFICACION` date DEFAULT NULL,
  PRIMARY KEY (`PROGRAMACION_VISITAS_ID`)
) ENGINE=InnoDB AUTO_INCREMENT=29 DEFAULT CHARSET=utf8 COLLATE=utf8_unicode_ci;

CREATE TABLE `PROVEEDORES` (
  `PROVEEDOR_ID` int(10) NOT NULL AUTO_INCREMENT,
  `NOMBRE` varchar(100) COLLATE utf8_unicode_ci DEFAULT NULL,
  `RFC` varchar(13) COLLATE utf8_unicode_ci DEFAULT NULL,
  `CALLE` varchar(100) COLLATE utf8_unicode_ci DEFAULT NULL,
  `COLONIA` varchar(100) COLLATE utf8_unicode_ci DEFAULT NULL,
  `NUM_EXT` varchar(10) COLLATE utf8_unicode_ci DEFAULT NULL,
  `NUM_INT` varchar(10) COLLATE utf8_unicode_ci DEFAULT NULL,
  `ESTADO` varchar(100) COLLATE utf8_unicode_ci DEFAULT NULL,
  `PAIS` varchar(100) COLLATE utf8_unicode_ci DEFAULT NULL,
  `CIUDAD` varchar(100) COLLATE utf8_unicode_ci DEFAULT NULL,
  `COD_POSTAL` int(10) DEFAULT NULL,
  `CORREOS` varchar(500) COLLATE utf8_unicode_ci DEFAULT NULL,
  `NUM_TELEFONO` varchar(100) COLLATE utf8_unicode_ci DEFAULT NULL,
  `ESTATUS` varchar(1) COLLATE utf8_unicode_ci DEFAULT NULL,
  PRIMARY KEY (`PROVEEDOR_ID`)
) ENGINE=InnoDB AUTO_INCREMENT=1171 DEFAULT CHARSET=utf8 COLLATE=utf8_unicode_ci;

CREATE TABLE `REPOSITORIO_IMAGEN` (
  `IMAGEN_ID` int(11) NOT NULL AUTO_INCREMENT,
  `IMAGEN` blob,
  `ESTATUS` varchar(1) COLLATE utf8_unicode_ci DEFAULT NULL,
  `TIPO_TAREA` varchar(100) COLLATE utf8_unicode_ci DEFAULT NULL,
  `RESPUESTA_TAREA_DETALLE_ID` int(11) DEFAULT NULL,
  PRIMARY KEY (`IMAGEN_ID`) USING BTREE
) ENGINE=InnoDB AUTO_INCREMENT=4044 DEFAULT CHARSET=utf8 COLLATE=utf8_unicode_ci;

CREATE TABLE `ROLES` (
  `ROL_ID` int(10) NOT NULL AUTO_INCREMENT,
  `DESCRIPCION` varchar(99) COLLATE utf8_unicode_ci NOT NULL,
  `CLAVE` varchar(9) COLLATE utf8_unicode_ci NOT NULL,
  `USUARIO_CREADOR` varchar(99) COLLATE utf8_unicode_ci DEFAULT NULL,
  `FECHA_HORA_CREACION` date DEFAULT NULL,
  `USUARIO_MODIFICACION` varchar(99) COLLATE utf8_unicode_ci DEFAULT NULL,
  `FECHA_HORA_MODIFICACION` date DEFAULT NULL,
  PRIMARY KEY (`ROL_ID`),
  UNIQUE KEY `DESCRIPCION_UNIQUE` (`DESCRIPCION`),
  UNIQUE KEY `CLAVE_UNIQUE` (`CLAVE`)
) ENGINE=InnoDB AUTO_INCREMENT=285 DEFAULT CHARSET=utf8 COLLATE=utf8_unicode_ci;

INSERT INTO `ROLES` VALUES (279,'Auditor','I','admin','2021-07-21',NULL,NULL),(280,'Shopper','E','admin','2021-07-21',NULL,NULL),(281,'Control Room','CR','admin','2021-10-18',NULL,NULL),(282,'Consultas','C','admin','2021-10-18',NULL,NULL),(283,'Cliente','CL','admin','2022-02-17',NULL,NULL),(284,'Recursos Humanos','RH','admin','2023-12-18',NULL,NULL);

CREATE TABLE `ROLES_USUARIOS` (
  `ROL_USUARIO_ID` int(11) NOT NULL AUTO_INCREMENT,
  `USUARIO_ID` int(11) NOT NULL,
  `ROL_ID` int(11) NOT NULL,
  PRIMARY KEY (`ROL_USUARIO_ID`)
) ENGINE=InnoDB AUTO_INCREMENT=832 DEFAULT CHARSET=utf8 COLLATE=utf8_unicode_ci;

CREATE TABLE `SERVIDOR_CORREO` (
  `SERVIDOR_CORREO_ID` int(10) NOT NULL AUTO_INCREMENT,
  `NOMBRE` varchar(20) COLLATE utf8_unicode_ci NOT NULL,
  `SERVIDOR` varchar(100) COLLATE utf8_unicode_ci NOT NULL,
  `PUERTO` int(10) NOT NULL,
  `ESTATUS` varchar(1) COLLATE utf8_unicode_ci NOT NULL,
  `USUARIO_CREADOR` varchar(99) COLLATE utf8_unicode_ci DEFAULT NULL,
  `FECHA_HORA_CREACION` date DEFAULT NULL,
  `USUARIO_MODIFICACION` varchar(99) COLLATE utf8_unicode_ci DEFAULT NULL,
  `FECHA_HORA_MODIFICACION` date DEFAULT NULL,
  PRIMARY KEY (`SERVIDOR_CORREO_ID`)
) ENGINE=InnoDB DEFAULT CHARSET=utf8 COLLATE=utf8_unicode_ci;

CREATE TABLE `SOLUCION_OPCIONES` (
  `SOLUCION_OPCIONES_ID` int(11) NOT NULL AUTO_INCREMENT,
  `NOMBRE` varchar(250) COLLATE utf8_unicode_ci NOT NULL,
  `CLAVE` varchar(10) COLLATE utf8_unicode_ci NOT NULL,
  `ESTATUS` varchar(1) COLLATE utf8_unicode_ci NOT NULL,
  `ES_SOLUCION` tinyint(1) NOT NULL,
  PRIMARY KEY (`SOLUCION_OPCIONES_ID`)
) ENGINE=InnoDB AUTO_INCREMENT=7 DEFAULT CHARSET=utf8 COLLATE=utf8_unicode_ci;

CREATE TABLE `SOLUCION_DETALLE` (
  `SOLUCION_DETALLE_ID` int(11) NOT NULL AUTO_INCREMENT,
  `ARTICULO_ID` int(11) DEFAULT NULL,
  `SOLUCION_OPCIONES_ID` int(11) DEFAULT NULL,
  `SOLUCION_ID` int(11) DEFAULT NULL,
  `SOLUCIONADO` int(11) DEFAULT NULL,
  PRIMARY KEY (`SOLUCION_DETALLE_ID`),
  KEY `SOLUCION_ID` (`SOLUCION_ID`)
) ENGINE=InnoDB AUTO_INCREMENT=290 DEFAULT CHARSET=utf8 COLLATE=utf8_unicode_ci;

CREATE TABLE `TAREA_DETALLE` (
  `TAREA_DET_ID` int(10) NOT NULL AUTO_INCREMENT,
  `TAREA_ID` int(10) DEFAULT NULL,
  `ESTATUS` varchar(1) COLLATE utf8_unicode_ci NOT NULL,
  `DESCRIPCION` varchar(180) COLLATE utf8_unicode_ci DEFAULT NULL,
  `COMPONENTE_ID` int(10) DEFAULT NULL,
  `HORA_INICIO` time(6) DEFAULT NULL,
  `HORA_FIN` time(6) DEFAULT NULL,
  `REQUIERE_IMAGEN` varchar(1) COLLATE utf8_unicode_ci DEFAULT NULL,
  `CLAVE` varchar(20) COLLATE utf8_unicode_ci DEFAULT NULL,
  `TIPO_DATO` varchar(20) COLLATE utf8_unicode_ci DEFAULT NULL,
  `NA` varchar(1) COLLATE utf8_unicode_ci DEFAULT NULL,
  `LIBRE` int(11) NOT NULL,
  `RENGLON` int(11) DEFAULT NULL,
  PRIMARY KEY (`TAREA_DET_ID`)
) ENGINE=InnoDB AUTO_INCREMENT=142 DEFAULT CHARSET=utf8 COLLATE=utf8_unicode_ci;

CREATE TABLE `TAREAS` (
  `TAREA_ID` int(10) NOT NULL AUTO_INCREMENT,
  `ESTATUS` varchar(1) COLLATE utf8_unicode_ci NOT NULL,
  `NOMBRE` varchar(50) COLLATE utf8_unicode_ci DEFAULT NULL,
  `USUARIO_CREADOR` varchar(99) COLLATE utf8_unicode_ci DEFAULT NULL,
  `FECHA_HORA_CREACION` date DEFAULT NULL,
  `USUARIO_MODIFICACION` varchar(99) COLLATE utf8_unicode_ci DEFAULT NULL,
  `FECHA_HORA_MODIFICACION` date DEFAULT NULL,
  `RENGLON` int(11) DEFAULT NULL,
  PRIMARY KEY (`TAREA_ID`)
) ENGINE=InnoDB AUTO_INCREMENT=23 DEFAULT CHARSET=utf8 COLLATE=utf8_unicode_ci;

CREATE TABLE `TIPO_AUSENCIA` (
  `TIPO_AUSENCIA_ID` int(10) NOT NULL AUTO_INCREMENT,
  `NOMBRE` varchar(255) DEFAULT NULL,
  `ESTATUS` char(1) DEFAULT NULL,
  `USUARIO_CREADOR` varchar(99) NOT NULL,
  `FECHA_HORA_CREACION` datetime NOT NULL,
  `USUARIO_MODIFICACION` varchar(99) DEFAULT NULL,
  `FECHA_HORA_MODIFICACION` datetime DEFAULT NULL,
  `CLAVE` varchar(5) DEFAULT NULL,
  `COLOR` varchar(7) DEFAULT NULL,
  PRIMARY KEY (`TIPO_AUSENCIA_ID`)
) ENGINE=MyISAM AUTO_INCREMENT=7 DEFAULT CHARSET=latin1;

INSERT INTO `TIPO_AUSENCIA` VALUES (2,'VACACIONES','A','admin','2023-09-22 18:27:23',NULL,NULL,'VAC','#4e73df'),(3,'FALTA','A','admin','2023-09-22 18:48:58',NULL,NULL,'FAL','#ec0909'),(4,'FESTIVO','A','admin','2023-09-25 16:19:49',NULL,NULL,'FES','#f8fb13');

CREATE TABLE `UBICACIONES` (
  `UBICACION_ID` int(11) NOT NULL AUTO_INCREMENT,
  `NOMBRE` varchar(150) NOT NULL,
  `ESTATUS` varchar(1) NOT NULL,
  `USUARIO_CREADOR` varchar(50) NOT NULL,
  `FECHA_HORA_CREACION` timestamp NOT NULL DEFAULT CURRENT_TIMESTAMP ON UPDATE CURRENT_TIMESTAMP,
  `USUARIO_MODIF` varchar(150) NOT NULL,
  `FECHA_HORA_MODIF` timestamp NOT NULL DEFAULT '0000-00-00 00:00:00',
  PRIMARY KEY (`UBICACION_ID`)
) ENGINE=MyISAM AUTO_INCREMENT=12 DEFAULT CHARSET=latin1;

CREATE TABLE `UBICACIONES_SUCURSALES` (
  `UBICACIONES_SUCURSALES_ID` int(11) NOT NULL AUTO_INCREMENT,
  `UBICACION_ID` int(11) NOT NULL,
  `SUCURSAL_ID` int(11) NOT NULL,
  PRIMARY KEY (`UBICACIONES_SUCURSALES_ID`) USING BTREE
) ENGINE=MyISAM AUTO_INCREMENT=20 DEFAULT CHARSET=latin1;

CREATE TABLE `USUARIOS` (
  `USUARIO_ID` int(10) NOT NULL,
  `NOMBRE` varchar(100) COLLATE utf8_unicode_ci NOT NULL,
  `APELLIDO_P` varchar(50) COLLATE utf8_unicode_ci NOT NULL,
  `APELLIDO_M` varchar(50) COLLATE utf8_unicode_ci NOT NULL,
  `USUARIO` varchar(50) COLLATE utf8_unicode_ci NOT NULL,
  `PASS` varchar(99) COLLATE utf8_unicode_ci NOT NULL,
  `ESTATUS` varchar(1) COLLATE utf8_unicode_ci DEFAULT NULL,
  `CORREO` varchar(100) COLLATE utf8_unicode_ci DEFAULT NULL,
  `USUARIO_CREADOR` varchar(99) COLLATE utf8_unicode_ci DEFAULT NULL,
  `FECHA_HORA_CREACION` date DEFAULT NULL,
  `USUARIO_MODIFICACION` varchar(99) COLLATE utf8_unicode_ci DEFAULT NULL,
  `FECHA_HORA_MODIFICACION` date DEFAULT NULL,
  `CLIENTE_ID` int(10) unsigned DEFAULT NULL,
  `NUM_EMP` varchar(20) COLLATE utf8_unicode_ci DEFAULT NULL,
  `DEPARTAMENTO` varchar(50) COLLATE utf8_unicode_ci DEFAULT NULL,
  `PUESTO` varchar(50) COLLATE utf8_unicode_ci DEFAULT NULL,
  PRIMARY KEY (`USUARIO_ID`)
) ENGINE=InnoDB DEFAULT CHARSET=utf8 COLLATE=utf8_unicode_ci;

CREATE TABLE `USUARIOS_SUCURSAL` (
  `USUARIO_SUCURSAL_ID` int(11) NOT NULL AUTO_INCREMENT,
  `FECHA_INI` date DEFAULT NULL,
  `FECHA_FIN` date DEFAULT NULL,
  `ESTATUS` char(1) COLLATE utf8_unicode_ci DEFAULT NULL,
  `USUARIO_CREADOR` varchar(99) COLLATE utf8_unicode_ci DEFAULT NULL,
  `FECHA_HORA_CREACION` date DEFAULT NULL,
  `USUARIO_MODIFICACION` varchar(99) COLLATE utf8_unicode_ci DEFAULT NULL,
  `FECHA_HORA_MODIFICACION` date DEFAULT NULL,
  PRIMARY KEY (`USUARIO_SUCURSAL_ID`)
) ENGINE=InnoDB AUTO_INCREMENT=1063 DEFAULT CHARSET=utf8 COLLATE=utf8_unicode_ci;

CREATE TABLE `ARTICULOS` (
  `ARTICULO_ID` int(10) NOT NULL AUTO_INCREMENT,
  `MARCA_ID` int(10) DEFAULT NULL,
  `NOMBRE` varchar(100) COLLATE utf8_unicode_ci DEFAULT NULL,
  `PRECIO` float DEFAULT NULL,
  `SKU` varchar(100) COLLATE utf8_unicode_ci NOT NULL,
  `DESCRIPCION` varchar(100) COLLATE utf8_unicode_ci NOT NULL,
  `IMAGEN` blob,
  `USUARIO_CREADOR` varchar(99) COLLATE utf8_unicode_ci DEFAULT NULL,
  `FECHA_HORA_CREACION` date DEFAULT NULL,
  `USUARIO_MODIFICACION` varchar(99) COLLATE utf8_unicode_ci DEFAULT NULL,
  `FECHA_HORA_MODIFICACION` date DEFAULT NULL,
  `CATEGORIA_ID` int(10) NOT NULL,
  `PROVEEDOR_ID` int(10) NOT NULL,
  `ESTATUS` varchar(1) COLLATE utf8_unicode_ci DEFAULT NULL,
  PRIMARY KEY (`ARTICULO_ID`),
  KEY `FKARTICULOS1_idx` (`PROVEEDOR_ID`),
  CONSTRAINT `FKARTICULOS1` FOREIGN KEY (`PROVEEDOR_ID`) REFERENCES `PROVEEDORES` (`PROVEEDOR_ID`) ON DELETE NO ACTION ON UPDATE NO ACTION
) ENGINE=InnoDB AUTO_INCREMENT=35648 DEFAULT CHARSET=utf8 COLLATE=utf8_unicode_ci;

CREATE TABLE `ASIGNACIONES` (
  `ASIGNACION_ID` int(11) NOT NULL AUTO_INCREMENT,
  `CLIENTE_ID` int(10) NOT NULL,
  `FOLIO` varchar(9) COLLATE utf8_unicode_ci NOT NULL,
  `FECHA` date NOT NULL,
  `ESTATUS` varchar(1) COLLATE utf8_unicode_ci NOT NULL,
  `SISTEMA_ORIGEN` varchar(10) COLLATE utf8_unicode_ci NOT NULL,
  `USUARIO_CREADOR` varchar(99) COLLATE utf8_unicode_ci NOT NULL,
  `FECHA_HORA_CREACION` datetime NOT NULL,
  `USUARIO_MODIFICACION` varchar(99) COLLATE utf8_unicode_ci DEFAULT NULL,
  `FECHA_HORA_MODIFICACION` datetime DEFAULT NULL,
  PRIMARY KEY (`ASIGNACION_ID`),
  KEY `FK_ASIGNACIONES_idx` (`CLIENTE_ID`),
  CONSTRAINT `FK_ASIGNACIONES` FOREIGN KEY (`CLIENTE_ID`) REFERENCES `CLIENTES` (`CLIENTE_ID`) ON DELETE NO ACTION ON UPDATE NO ACTION
) ENGINE=InnoDB AUTO_INCREMENT=1845 DEFAULT CHARSET=utf8 COLLATE=utf8_unicode_ci;

CREATE TABLE `BITACORA` (
  `BITACORA_ID` int(10) NOT NULL AUTO_INCREMENT,
  `CLIENTE_ID` int(10) NOT NULL,
  `FECHA_REVISION` date DEFAULT NULL,
  `IMAGEN` blob,
  PRIMARY KEY (`BITACORA_ID`),
  KEY `FKBITACORA208863` (`CLIENTE_ID`),
  CONSTRAINT `FKBITACORA208863` FOREIGN KEY (`CLIENTE_ID`) REFERENCES `CLIENTES` (`CLIENTE_ID`)
) ENGINE=InnoDB AUTO_INCREMENT=353 DEFAULT CHARSET=utf8 COLLATE=utf8_unicode_ci;

CREATE TABLE `BITACORA_BARRIDO` (
  `BITACORA` int(11) NOT NULL AUTO_INCREMENT,
  `CLIENTE_ID` int(10) NOT NULL,
  `FECHA_REVISION` datetime DEFAULT NULL,
  `IMAGEN` blob,
  PRIMARY KEY (`BITACORA`),
  KEY `FKBITACORA_B995145` (`CLIENTE_ID`),
  CONSTRAINT `FKBITACORA_B995145` FOREIGN KEY (`CLIENTE_ID`) REFERENCES `CLIENTES` (`CLIENTE_ID`)
) ENGINE=InnoDB AUTO_INCREMENT=39 DEFAULT CHARSET=utf8 COLLATE=utf8_unicode_ci;

CREATE TABLE `CADUCIDADES` (
  `CADUCIDAD_ID` int(10) NOT NULL AUTO_INCREMENT,
  `CLIENTE_ID` int(10) NOT NULL,
  `FOLIO` varchar(9) COLLATE utf8_unicode_ci DEFAULT NULL,
  `ESTATUS` varchar(1) COLLATE utf8_unicode_ci NOT NULL,
  `FECHA_REVISION` date DEFAULT NULL,
  `USUARIO_CREADOR` varchar(99) COLLATE utf8_unicode_ci NOT NULL,
  `FECHA_HORA_CREACION` datetime NOT NULL,
  `USUARIO_MODIFICACION` varchar(99) COLLATE utf8_unicode_ci DEFAULT NULL,
  `FECHA_HORA_MODIFICACION` datetime DEFAULT NULL,
  PRIMARY KEY (`CADUCIDAD_ID`),
  KEY `FKCADUCIDADES1_idx` (`CLIENTE_ID`),
  CONSTRAINT `FKCADUCIDADES2` FOREIGN KEY (`CLIENTE_ID`) REFERENCES `CLIENTES` (`CLIENTE_ID`) ON DELETE NO ACTION ON UPDATE NO ACTION
) ENGINE=InnoDB AUTO_INCREMENT=547 DEFAULT CHARSET=utf8 COLLATE=utf8_unicode_ci;

CREATE TABLE `CATEGORIAS` (
  `CATEGORIA_ID` int(10) NOT NULL AUTO_INCREMENT,
  `NOMBRE` varchar(200) COLLATE utf8_unicode_ci NOT NULL,
  `CLAVE` varchar(50) COLLATE utf8_unicode_ci NOT NULL,
  `DEPARTAMENTO_ID` int(10) NOT NULL,
  `USUARIO_CREADOR` varchar(99) COLLATE utf8_unicode_ci DEFAULT NULL,
  `FECHA_HORA_CREACION` date DEFAULT NULL,
  `USUARIO_MODIFICACION` varchar(99) COLLATE utf8_unicode_ci DEFAULT NULL,
  `FECHA_HORA_MODIFICACION` date DEFAULT NULL,
  PRIMARY KEY (`CATEGORIA_ID`),
  KEY `FKCATEGORIAS584419` (`DEPARTAMENTO_ID`),
  CONSTRAINT `FKCATEGORIAS584419` FOREIGN KEY (`DEPARTAMENTO_ID`) REFERENCES `DEPARTAMENTOS` (`DEPARTAMENTO_ID`)
) ENGINE=InnoDB AUTO_INCREMENT=267 DEFAULT CHARSET=utf8 COLLATE=utf8_unicode_ci;

CREATE TABLE `CORREOS` (
  `CORREO_ID` int(10) NOT NULL AUTO_INCREMENT,
  `USUARIO_ID` int(10) NOT NULL,
  `SERVIDOR_CORREO_ID` int(10) NOT NULL,
  `ESTATUS VARCHAR` int(10) NOT NULL,
  `DIR_CORREO` varchar(99) COLLATE utf8_unicode_ci NOT NULL,
  `PASS` varchar(100) COLLATE utf8_unicode_ci DEFAULT NULL,
  `USUARIO_CREADOR` varchar(99) COLLATE utf8_unicode_ci DEFAULT NULL,
  `FECHA_HORA_CREACION` date DEFAULT NULL,
  `USUARIO_MODIFICACION` varchar(99) COLLATE utf8_unicode_ci DEFAULT NULL,
  `FECHA_HORA_MODIFICACION` date DEFAULT NULL,
  PRIMARY KEY (`CORREO_ID`),
  KEY `FKCORREOS343456` (`SERVIDOR_CORREO_ID`),
  CONSTRAINT `FKCORREOS343456` FOREIGN KEY (`SERVIDOR_CORREO_ID`) REFERENCES `SERVIDOR_CORREO` (`SERVIDOR_CORREO_ID`)
) ENGINE=InnoDB DEFAULT CHARSET=utf8 COLLATE=utf8_unicode_ci;

CREATE TABLE `HISTORICO_MUESTREO_FALTANTES` (
  `HIST_MUESTREO_FALTANTES_ID` int(10) NOT NULL AUTO_INCREMENT,
  `MUESTREO_FALTANTE_ID` int(10) DEFAULT NULL,
  `ARTICULO_ID` int(10) NOT NULL,
  `CANTIDAD` int(10) DEFAULT NULL,
  `FECHA_CREACION` date DEFAULT NULL,
  `Column` int(10) DEFAULT NULL,
  PRIMARY KEY (`HIST_MUESTREO_FALTANTES_ID`),
  KEY `FKHISTORICO_183530` (`ARTICULO_ID`),
  CONSTRAINT `FKHISTORICO_183530` FOREIGN KEY (`ARTICULO_ID`) REFERENCES `ARTICULOS` (`ARTICULO_ID`)
) ENGINE=InnoDB DEFAULT CHARSET=utf8 COLLATE=utf8_unicode_ci;

CREATE TABLE `MUESTREO_FALTANTES` (
  `MUESTREO_FALTANTE_ID` int(10) NOT NULL AUTO_INCREMENT,
  `ARTICULO_ID` int(10) NOT NULL,
  `CANTIDAD` int(10) DEFAULT NULL,
  `FECHA_CREACION` date DEFAULT NULL,
  PRIMARY KEY (`MUESTREO_FALTANTE_ID`),
  KEY `FKMUESTREO_F589023` (`ARTICULO_ID`),
  CONSTRAINT `FKMUESTREO_F589023` FOREIGN KEY (`ARTICULO_ID`) REFERENCES `ARTICULOS` (`ARTICULO_ID`)
) ENGINE=InnoDB DEFAULT CHARSET=utf8 COLLATE=utf8_unicode_ci;

CREATE TABLE `PROGRAMACION_VISITAS_DET` (
  `PROGRAMACION_VISITAS_DET_ID` int(11) NOT NULL AUTO_INCREMENT,
  `PROGRAMACION_VISITAS_ID` int(11) NOT NULL,
  `SUCURSAL_ID` int(10) NOT NULL,
  `PROVEEDOR_ID` int(10) NOT NULL,
  `ASISTIO` char(1) COLLATE utf8_unicode_ci DEFAULT NULL,
  `HORA_ENTRADA1` time DEFAULT NULL,
  `HORA_SALIDA1` time DEFAULT NULL,
  `HORA_ENTRADA2` time DEFAULT NULL,
  `HORA_SALIDA2` time DEFAULT NULL,
  PRIMARY KEY (`PROGRAMACION_VISITAS_DET_ID`),
  KEY `FKPROGRAMACI741271` (`PROGRAMACION_VISITAS_ID`),
  KEY `FKPROGRAMACI865302` (`PROVEEDOR_ID`),
  CONSTRAINT `FKPROGRAMACI741271` FOREIGN KEY (`PROGRAMACION_VISITAS_ID`) REFERENCES `PROGRAMACION_VISITAS` (`PROGRAMACION_VISITAS_ID`),
  CONSTRAINT `FKPROGRAMACI865302` FOREIGN KEY (`PROVEEDOR_ID`) REFERENCES `PROVEEDORES` (`PROVEEDOR_ID`)
) ENGINE=InnoDB DEFAULT CHARSET=utf8 COLLATE=utf8_unicode_ci;

CREATE TABLE `PROMOTORES` (
  `PROMOTOR_ID` int(10) NOT NULL AUTO_INCREMENT,
  `NOMBRE` varchar(50) COLLATE utf8_unicode_ci NOT NULL,
  `FECHA_NACIMIENTO` date NOT NULL,
  `RFC` varchar(13) COLLATE utf8_unicode_ci NOT NULL,
  `NSS` int(11) NOT NULL,
  `PROVEEDOR_ID` int(10) NOT NULL,
  `CATEGORIA_PROMOTOR_ID` int(10) NOT NULL,
  `TELEFONO` varchar(10) COLLATE utf8_unicode_ci NOT NULL,
  `CORREO` varchar(100) COLLATE utf8_unicode_ci NOT NULL,
  `PROMOTOR_JEFE` varchar(150) COLLATE utf8_unicode_ci DEFAULT NULL,
  `CLAVE` varchar(50) COLLATE utf8_unicode_ci DEFAULT NULL,
  PRIMARY KEY (`PROMOTOR_ID`),
  KEY `FKPROMOTORES290864` (`PROVEEDOR_ID`),
  KEY `FKPROMOTORES979966` (`CATEGORIA_PROMOTOR_ID`),
  CONSTRAINT `FKPROMOTORES290864` FOREIGN KEY (`PROVEEDOR_ID`) REFERENCES `PROVEEDORES` (`PROVEEDOR_ID`),
  CONSTRAINT `FKPROMOTORES979966` FOREIGN KEY (`CATEGORIA_PROMOTOR_ID`) REFERENCES `CATEGORIAS_PROMOTOR` (`CATEGORIA_PROMOTOR_ID`)
) ENGINE=InnoDB DEFAULT CHARSET=utf8 COLLATE=utf8_unicode_ci;

CREATE TABLE `PROVEEDORES_CLIENTES` (
  `PROVEEDORES_CLIENTES_ID` int(11) NOT NULL AUTO_INCREMENT,
  `PROVEEDOR_ID` int(10) NOT NULL,
  `CLIENTE_ID` int(10) NOT NULL,
  `CLAVE` varchar(20) COLLATE utf8_unicode_ci NOT NULL,
  PRIMARY KEY (`PROVEEDORES_CLIENTES_ID`,`PROVEEDOR_ID`,`CLIENTE_ID`),
  KEY `FKPROVEEDORE562656` (`PROVEEDOR_ID`),
  KEY `FKPROVEEDORE438435` (`CLIENTE_ID`),
  CONSTRAINT `FKPROVEEDORE438435` FOREIGN KEY (`CLIENTE_ID`) REFERENCES `CLIENTES` (`CLIENTE_ID`),
  CONSTRAINT `FKPROVEEDORE562656` FOREIGN KEY (`PROVEEDOR_ID`) REFERENCES `PROVEEDORES` (`PROVEEDOR_ID`)
) ENGINE=InnoDB AUTO_INCREMENT=12 DEFAULT CHARSET=utf8 COLLATE=utf8_unicode_ci;

CREATE TABLE `SUCURSALES` (
  `SUCURSAL_ID` int(10) NOT NULL AUTO_INCREMENT,
  `CLIENTE_ID` int(10) NOT NULL,
  `NOMBRE` varchar(200) COLLATE utf8_unicode_ci DEFAULT NULL,
  `LAT_LONG` varchar(5000) COLLATE utf8_unicode_ci NOT NULL,
  `GEO_CERCA` varchar(255) COLLATE utf8_unicode_ci DEFAULT NULL,
  `UBICACION` varchar(255) COLLATE utf8_unicode_ci DEFAULT NULL,
  `REFERENCIA` varchar(500) COLLATE utf8_unicode_ci DEFAULT NULL,
  `ESTATUS` varchar(1) COLLATE utf8_unicode_ci DEFAULT NULL,
  `CLAVE` varchar(10) COLLATE utf8_unicode_ci DEFAULT NULL,
  `USUARIO_CREADOR` varchar(99) COLLATE utf8_unicode_ci DEFAULT NULL,
  `FECHA_HORA_CREACION` date DEFAULT NULL,
  `USUARIO_MODIFICACION` varchar(99) COLLATE utf8_unicode_ci DEFAULT NULL,
  `FECHA_HORA_MODIFICACION` date DEFAULT NULL,
  `REPORTEAR` tinyint(1) DEFAULT NULL,
  `FORMATO` varchar(45) COLLATE utf8_unicode_ci NOT NULL,
  `SUBFORMATO` varchar(45) COLLATE utf8_unicode_ci NOT NULL,
  `ZONA` varchar(45) COLLATE utf8_unicode_ci NOT NULL,
  `DIRECCION` varchar(45) COLLATE utf8_unicode_ci NOT NULL,
  `REGION` varchar(45) COLLATE utf8_unicode_ci NOT NULL,
  PRIMARY KEY (`SUCURSAL_ID`),
  KEY `FKSUSCURSALE703839` (`CLIENTE_ID`),
  CONSTRAINT `FKSUSCURSALE703839` FOREIGN KEY (`CLIENTE_ID`) REFERENCES `CLIENTES` (`CLIENTE_ID`)
) ENGINE=InnoDB AUTO_INCREMENT=204 DEFAULT CHARSET=utf8 COLLATE=utf8_unicode_ci;

CREATE TABLE `SUCURSALES_CHEQUEO_COMPETENCIA` (
  `SUCURSALES_CHEQUEO_COMPETENCIA_ID` int(10) NOT NULL AUTO_INCREMENT,
  `SUCURSAL_ID` int(10) NOT NULL,
  `CHEQUEO_COMPETENCIA_ID` int(10) NOT NULL,
  PRIMARY KEY (`SUCURSALES_CHEQUEO_COMPETENCIA_ID`),
  KEY `FKSUCURSALES586604` (`CHEQUEO_COMPETENCIA_ID`),
  KEY `FKSUCURSALESCC1_idx` (`SUCURSAL_ID`),
  CONSTRAINT `FKSUCURSALES586604` FOREIGN KEY (`CHEQUEO_COMPETENCIA_ID`) REFERENCES `CHEQUEO_COMPETENCIA` (`CHEQUEO_COMPETENCIA_ID`),
  CONSTRAINT `FKSUCURSALESCC1` FOREIGN KEY (`SUCURSAL_ID`) REFERENCES `SUCURSALES` (`SUCURSAL_ID`) ON DELETE NO ACTION ON UPDATE NO ACTION
) ENGINE=InnoDB AUTO_INCREMENT=1139 DEFAULT CHARSET=utf8 COLLATE=utf8_unicode_ci;

CREATE TABLE `SUCURSALES_PROVEEDORES_DIAS` (
  `SUCURSALES_PROVEEDORES_DIAS_ID` int(11) NOT NULL AUTO_INCREMENT,
  `SUCURSAL_ID` int(11) NOT NULL,
  `PROVEEDOR_ID` int(11) NOT NULL,
  `LUN` varchar(1) COLLATE utf8_bin NOT NULL,
  `MAR` varchar(1) COLLATE utf8_bin NOT NULL,
  `MIE` varchar(1) COLLATE utf8_bin NOT NULL,
  `JUE` varchar(1) COLLATE utf8_bin NOT NULL,
  `VIE` varchar(1) COLLATE utf8_bin NOT NULL,
  `SAB` varchar(1) COLLATE utf8_bin NOT NULL,
  `DOM` varchar(1) COLLATE utf8_bin NOT NULL,
  `ESTATUS` varchar(1) COLLATE utf8_bin NOT NULL,
  `HORARIO_HORA_ENTRADA1` time DEFAULT NULL,
  `HORARIO_HORA_SALIDA1` time DEFAULT NULL,
  `HORARIO_HORA_ENTRADA2` time DEFAULT NULL,
  `HORARIO_HORA_SALIDA2` time DEFAULT NULL,
  PRIMARY KEY (`SUCURSALES_PROVEEDORES_DIAS_ID`),
  KEY `FKSUCURSALES_PROMOTORES_DIAS1_idx` (`SUCURSAL_ID`),
  KEY `FKSUCURSALES_PROMOTORES_DIAS2_idx` (`PROVEEDOR_ID`),
  CONSTRAINT `FKSUCURSALES_PROMOTORES_DIAS1` FOREIGN KEY (`SUCURSAL_ID`) REFERENCES `SUCURSALES` (`SUCURSAL_ID`) ON DELETE NO ACTION ON UPDATE NO ACTION,
  CONSTRAINT `FKSUCURSALES_PROMOTORES_DIAS3` FOREIGN KEY (`PROVEEDOR_ID`) REFERENCES `PROVEEDORES` (`PROVEEDOR_ID`) ON DELETE NO ACTION ON UPDATE NO ACTION
) ENGINE=InnoDB DEFAULT CHARSET=utf8 COLLATE=utf8_bin;


CREATE TABLE `USUARIO_TAREAS` (
  `USUARIO_ID` int(10) NOT NULL,
  `TAREA_ID` int(10) NOT NULL,
  KEY `FKUSUARIO_TA343194_idx` (`TAREA_ID`),
  CONSTRAINT `FKUSUARIO_TA343194` FOREIGN KEY (`TAREA_ID`) REFERENCES `TAREAS` (`TAREA_ID`) ON DELETE NO ACTION ON UPDATE NO ACTION
) ENGINE=InnoDB DEFAULT CHARSET=utf8 COLLATE=utf8_unicode_ci;

CREATE TABLE `USUARIOS_SUCURSAL_DET` (
  `USUARIO_SUCURSAL_DET_ID` int(11) NOT NULL AUTO_INCREMENT,
  `USUARIO_SUCURSAL_ID` int(11) NOT NULL,
  `USUARIO_ID` int(10) NOT NULL,
  `SUCURSAL_ID` int(10) NOT NULL,
  PRIMARY KEY (`USUARIO_SUCURSAL_DET_ID`),
  KEY `FKUSUARIOS_S920674` (`USUARIO_SUCURSAL_ID`),
  CONSTRAINT `FKUSUARIOS_S920674` FOREIGN KEY (`USUARIO_SUCURSAL_ID`) REFERENCES `USUARIOS_SUCURSAL` (`USUARIO_SUCURSAL_ID`)
) ENGINE=InnoDB AUTO_INCREMENT=1068 DEFAULT CHARSET=utf8 COLLATE=utf8_unicode_ci;

CREATE TABLE `AUSENCIAS` (
  `AUSENCIA_ID` int(10) NOT NULL AUTO_INCREMENT,
  `FECHA_ULT_VISITA` date NOT NULL,
  `FECHA_COMPROMISO` date DEFAULT NULL,
  `USUARIO_ID` int(10) NOT NULL,
  `TELEFONO` varchar(10) COLLATE utf8_unicode_ci DEFAULT NULL,
  `RAZON_AUSENCIA` varchar(200) COLLATE utf8_unicode_ci DEFAULT NULL,
  `PROMOTOR_ID` int(10) NOT NULL,
  `SUCURSAL_ID` int(10) NOT NULL,
  `CALLCENTER` varchar(1) COLLATE utf8_unicode_ci NOT NULL,
  `PUESTO` varchar(45) COLLATE utf8_unicode_ci NOT NULL,
  `PROMOTOR_JEFE` varchar(99) COLLATE utf8_unicode_ci NOT NULL,
  `ESTATUS` varchar(1) COLLATE utf8_unicode_ci DEFAULT NULL,
  `PROVEEDOR_ID` int(10) NOT NULL,
  `FECHA_AUSENCIA` date NOT NULL,
  `USUARIO_CREADOR` varchar(99) COLLATE utf8_unicode_ci NOT NULL,
  `FECHA_HORA_CREACION` datetime(6) NOT NULL,
  `USUARIO_MODIFICACION` varchar(99) COLLATE utf8_unicode_ci DEFAULT NULL,
  `FECHA_HORA_MODIFICACION` datetime(6) DEFAULT NULL,
  PRIMARY KEY (`AUSENCIA_ID`),
  KEY `FKAUSENCIAS1_idx` (`PROMOTOR_ID`),
  KEY `FKAUSENCIAS2_idx` (`SUCURSAL_ID`),
  KEY `FKAUCENCIAS3_idx` (`PROMOTOR_JEFE`),
  KEY `FKAUSENCIAS3_idx` (`PROVEEDOR_ID`),
  CONSTRAINT `FKAUSENCIAS1` FOREIGN KEY (`PROMOTOR_ID`) REFERENCES `PROMOTORES` (`PROMOTOR_ID`) ON DELETE NO ACTION ON UPDATE NO ACTION,
  CONSTRAINT `FKAUSENCIAS2` FOREIGN KEY (`SUCURSAL_ID`) REFERENCES `SUCURSALES` (`SUCURSAL_ID`) ON DELETE NO ACTION ON UPDATE NO ACTION,
  CONSTRAINT `FKAUSENCIAS3` FOREIGN KEY (`PROVEEDOR_ID`) REFERENCES `PROVEEDORES` (`PROVEEDOR_ID`) ON DELETE NO ACTION ON UPDATE NO ACTION
) ENGINE=InnoDB DEFAULT CHARSET=utf8 COLLATE=utf8_unicode_ci;

CREATE TABLE `BARRIDO` (
  `BARRIDO_ID` int(11) NOT NULL AUTO_INCREMENT,
  `SUCURSAL_ID` int(10) NOT NULL,
  `ESTATUS` varchar(1) COLLATE utf8_unicode_ci NOT NULL,
  `FECHA` date NOT NULL,
  `HORA_INICIO` time DEFAULT NULL,
  `HORA_FIN` time DEFAULT NULL,
  `USUARIO_CREACION` varchar(99) COLLATE utf8_unicode_ci NOT NULL,
  `FECHA_HORA_CREACION` datetime NOT NULL,
  `USARIO_MODIFICACION` varchar(99) COLLATE utf8_unicode_ci DEFAULT NULL,
  `FECHA_HORA_MODIFICACION` datetime DEFAULT NULL,
  PRIMARY KEY (`BARRIDO_ID`),
  KEY `FKBARRIDO425675_idx` (`SUCURSAL_ID`),
  CONSTRAINT `FKBARRIDO425675` FOREIGN KEY (`SUCURSAL_ID`) REFERENCES `SUCURSALES` (`SUCURSAL_ID`) ON DELETE NO ACTION ON UPDATE NO ACTION
) ENGINE=InnoDB AUTO_INCREMENT=608 DEFAULT CHARSET=utf8 COLLATE=utf8_unicode_ci;

CREATE TABLE `BARRIDO_DETALLE` (
  `BARRIDO_DETALLE_ID` int(11) NOT NULL AUTO_INCREMENT,
  `BARRIDO_ID` int(11) NOT NULL,
  `ARTICULO_ID` int(10) NOT NULL,
  `PRECIO` float NOT NULL,
  PRIMARY KEY (`BARRIDO_DETALLE_ID`),
  KEY `FKBARRIDO_DE907583` (`BARRIDO_ID`),
  KEY `FKBARRIDO_DE499643_idx` (`ARTICULO_ID`),
  CONSTRAINT `FKBARRIDO_DE499643` FOREIGN KEY (`ARTICULO_ID`) REFERENCES `ARTICULOS` (`ARTICULO_ID`) ON DELETE NO ACTION ON UPDATE NO ACTION,
  CONSTRAINT `FKBARRIDO_DE907583` FOREIGN KEY (`BARRIDO_ID`) REFERENCES `BARRIDO` (`BARRIDO_ID`)
) ENGINE=InnoDB AUTO_INCREMENT=95175 DEFAULT CHARSET=utf8 COLLATE=utf8_unicode_ci;

CREATE TABLE `CADUCIDADES_DETALLE` (
  `CADUCIDADES_DETALLE_ID` int(10) NOT NULL AUTO_INCREMENT,
  `SUCURSAL_ID` int(10) NOT NULL,
  `CADUCIDAD_ID` int(10) NOT NULL,
  `ARTICULO_ID` int(10) NOT NULL,
  `PRECIO` float NOT NULL,
  `CANTIDAD_PIEZAS` int(10) NOT NULL,
  `EXISTENCIAS` varchar(1) COLLATE utf8_unicode_ci DEFAULT NULL,
  `ESPACIO_ASIGNADO` varchar(1) COLLATE utf8_unicode_ci DEFAULT NULL,
  `EXHIBIDO` varchar(1) COLLATE utf8_unicode_ci DEFAULT NULL,
  `PEPS` bit(1) DEFAULT NULL,
  `USUARIO_MODIFICACION` varchar(99) COLLATE utf8_unicode_ci DEFAULT NULL,
  `FECHA_HORA_MODIFICACION` datetime DEFAULT NULL,
  `USUARIO_ID` int(11) DEFAULT NULL,
  PRIMARY KEY (`CADUCIDADES_DETALLE_ID`),
  KEY `FKCADUCIDADE163305` (`CADUCIDAD_ID`),
  KEY `FKCADUCIDADE25749` (`ARTICULO_ID`),
  KEY `FKCADUCIDADE25750_idx` (`SUCURSAL_ID`),
  CONSTRAINT `FKCADUCIDADE163305` FOREIGN KEY (`CADUCIDAD_ID`) REFERENCES `CADUCIDADES` (`CADUCIDAD_ID`),
  CONSTRAINT `FKCADUCIDADE25749` FOREIGN KEY (`ARTICULO_ID`) REFERENCES `ARTICULOS` (`ARTICULO_ID`),
  CONSTRAINT `FKCADUCIDADE25750` FOREIGN KEY (`SUCURSAL_ID`) REFERENCES `SUCURSALES` (`SUCURSAL_ID`) ON DELETE NO ACTION ON UPDATE NO ACTION
) ENGINE=InnoDB AUTO_INCREMENT=104648 DEFAULT CHARSET=utf8 COLLATE=utf8_unicode_ci;

CREATE TABLE `CADUCIDADES_DETALLE_FECHAS` (
  `CADUCIDADES_DETALLE_FECHAS_ID` int(10) NOT NULL AUTO_INCREMENT,
  `CADUCIDADES_DETALLE_ID` int(10) NOT NULL,
  `ARTICULO_LOTE` varchar(20) COLLATE utf8_unicode_ci DEFAULT NULL,
  `FECHA_CADUCIDAD` date NOT NULL,
  `CANTIDAD` int(10) NOT NULL,
  `UBICACION` varchar(250) COLLATE utf8_unicode_ci DEFAULT NULL,
  `OBSERVACIONES` blob,
  `POSICION` int(11) DEFAULT NULL,
  PRIMARY KEY (`CADUCIDADES_DETALLE_FECHAS_ID`),
  KEY `FKCADUCIDADE846908` (`CADUCIDADES_DETALLE_ID`),
  CONSTRAINT `FKCADUCIDADE846908` FOREIGN KEY (`CADUCIDADES_DETALLE_ID`) REFERENCES `CADUCIDADES_DETALLE` (`CADUCIDADES_DETALLE_ID`)
) ENGINE=InnoDB AUTO_INCREMENT=99933 DEFAULT CHARSET=utf8 COLLATE=utf8_unicode_ci;

CREATE TABLE `CADUCIDADES_DETALLE_SUCURSALES` (
  `CADUCIDADES_DETALLE_SUCURSALES_ID` int(11) NOT NULL AUTO_INCREMENT,
  `CADUCIDADES_ID` int(11) NOT NULL,
  `SUCURSAL_ID` int(10) NOT NULL,
  `HORA_INICIO` time DEFAULT NULL,
  `HORA_FIN` time DEFAULT NULL,
  `USUARIO_MODIFICACION` varchar(99) COLLATE utf8_unicode_ci DEFAULT NULL,
  `FECHA_HORA_MODIFICACION` datetime DEFAULT NULL,
  PRIMARY KEY (`CADUCIDADES_DETALLE_SUCURSALES_ID`),
  KEY `FKCADUCIDADE240212_idx` (`SUCURSAL_ID`),
  KEY `FKCADUCIDADE240211_idx` (`CADUCIDADES_ID`),
  CONSTRAINT `FKCADUCIDADE240211` FOREIGN KEY (`CADUCIDADES_ID`) REFERENCES `CADUCIDADES` (`CADUCIDAD_ID`) ON DELETE NO ACTION ON UPDATE NO ACTION,
  CONSTRAINT `FKCADUCIDADE240212` FOREIGN KEY (`SUCURSAL_ID`) REFERENCES `SUCURSALES` (`SUCURSAL_ID`) ON DELETE NO ACTION ON UPDATE NO ACTION
) ENGINE=InnoDB AUTO_INCREMENT=3476 DEFAULT CHARSET=utf8 COLLATE=utf8_unicode_ci;

CREATE TABLE `DEPARTAMENTOS_SUCURSALES` (
  `DEPARTAMENTO_SUCURSAL_ID` int(10) NOT NULL AUTO_INCREMENT,
  `DEPARTAMENTO_ID` int(10) NOT NULL,
  `SUCURSAL_ID` int(10) NOT NULL,
  `ESTATUS` varchar(1) COLLATE utf8_unicode_ci NOT NULL,
  PRIMARY KEY (`DEPARTAMENTO_SUCURSAL_ID`,`DEPARTAMENTO_ID`,`SUCURSAL_ID`),
  KEY `FKDEPARTAMEN979232` (`DEPARTAMENTO_ID`),
  KEY `FKDEPARTAMEN380382` (`SUCURSAL_ID`),
  CONSTRAINT `FKDEPARTAMEN380382` FOREIGN KEY (`SUCURSAL_ID`) REFERENCES `SUCURSALES` (`SUCURSAL_ID`),
  CONSTRAINT `FKDEPARTAMEN979232` FOREIGN KEY (`DEPARTAMENTO_ID`) REFERENCES `DEPARTAMENTOS` (`DEPARTAMENTO_ID`)
) ENGINE=InnoDB DEFAULT CHARSET=utf8 COLLATE=utf8_unicode_ci;

CREATE TABLE `FALTANTES` (
  `FALTANTES_ID` int(10) NOT NULL AUTO_INCREMENT,
  `SUCURSAL_ID` int(10) NOT NULL,
  `ESTATUS` varchar(1) COLLATE utf8_unicode_ci NOT NULL,
  `FECHA` date NOT NULL,
  `HORA_INICIO` time DEFAULT NULL,
  `HORA_FIN` time DEFAULT NULL,
  `USUARIO_CREACION` varchar(99) COLLATE utf8_unicode_ci NOT NULL,
  `FECHA_HORA_CREACION` datetime NOT NULL,
  `USARIO_MODIFICACION` varchar(99) COLLATE utf8_unicode_ci DEFAULT NULL,
  `FECHA_HORA_MODIFICACION` datetime DEFAULT NULL,
  PRIMARY KEY (`FALTANTES_ID`),
  KEY `FKFALTANTES1_idx` (`SUCURSAL_ID`),
  CONSTRAINT `FKFALTANTES1` FOREIGN KEY (`SUCURSAL_ID`) REFERENCES `SUCURSALES` (`SUCURSAL_ID`) ON DELETE NO ACTION ON UPDATE NO ACTION
) ENGINE=InnoDB AUTO_INCREMENT=4281 DEFAULT CHARSET=utf8 COLLATE=utf8_unicode_ci;

CREATE TABLE `FALTANTES_DETALLE` (
  `FALTANTES_DETALLE_ID` int(10) NOT NULL AUTO_INCREMENT,
  `FALTANTES_ID` int(10) NOT NULL,
  `ARTICULO_ID` int(10) NOT NULL,
  `STOCK_FISICO` int(10) DEFAULT NULL,
  `PRECIO_ARTICULO` decimal(10,2) DEFAULT NULL,
  `TIEMPO` varchar(50) COLLATE utf8_unicode_ci DEFAULT NULL,
  PRIMARY KEY (`FALTANTES_DETALLE_ID`),
  KEY `FKFALTANTES_857530` (`FALTANTES_ID`),
  KEY `FKFALTANTES_414179` (`ARTICULO_ID`),
  CONSTRAINT `FKFALTANTES_414179` FOREIGN KEY (`ARTICULO_ID`) REFERENCES `ARTICULOS` (`ARTICULO_ID`),
  CONSTRAINT `FKFALTANTES_857530` FOREIGN KEY (`FALTANTES_ID`) REFERENCES `FALTANTES` (`FALTANTES_ID`)
) ENGINE=InnoDB AUTO_INCREMENT=279067 DEFAULT CHARSET=utf8 COLLATE=utf8_unicode_ci;

CREATE TABLE `HISTORICO_ASISTENCIA` (
  `HISTORICO_ASISTENCIA_ID` int(10) NOT NULL AUTO_INCREMENT,
  `PROMOTOR_ID` int(10) NOT NULL,
  `FECHA` date DEFAULT NULL,
  PRIMARY KEY (`HISTORICO_ASISTENCIA_ID`),
  KEY `FKHISTORICO_834954` (`PROMOTOR_ID`),
  CONSTRAINT `FKHISTORICO_834954` FOREIGN KEY (`PROMOTOR_ID`) REFERENCES `PROMOTORES` (`PROMOTOR_ID`)
) ENGINE=InnoDB DEFAULT CHARSET=utf8 COLLATE=utf8_unicode_ci;

CREATE TABLE `HISTORICO_DIAS_PRESENTA` (
  `HISTORICO_DIAS_PRESENTA_ID` int(10) NOT NULL AUTO_INCREMENT,
  `PROMOTOR_ID` int(10) NOT NULL,
  `FECHA` date DEFAULT NULL,
  `DIA` varchar(9) COLLATE utf8_unicode_ci DEFAULT NULL,
  PRIMARY KEY (`HISTORICO_DIAS_PRESENTA_ID`),
  KEY `FKHISTORICO_689189` (`PROMOTOR_ID`),
  CONSTRAINT `FKHISTORICO_689189` FOREIGN KEY (`PROMOTOR_ID`) REFERENCES `PROMOTORES` (`PROMOTOR_ID`)
) ENGINE=InnoDB DEFAULT CHARSET=utf8 COLLATE=utf8_unicode_ci;

CREATE TABLE `MYSTERY_SHOPPER` (
  `MYSTERY_SHOPPER_ID` int(11) NOT NULL AUTO_INCREMENT,
  `SUCURSAL_ID` int(10) NOT NULL,
  `FECHA_REVISION` date DEFAULT NULL,
  `HORA_INICIO` time DEFAULT NULL,
  `HORA_FIN` time DEFAULT NULL,
  `USUARIO_ASIGNADO` int(11) DEFAULT NULL,
  `ESTATUS` varchar(1) COLLATE utf8_unicode_ci DEFAULT NULL,
  `ASIGNACION_ID` int(11) DEFAULT NULL,
  `USUARIO_CREADOR` varchar(99) COLLATE utf8_unicode_ci DEFAULT NULL,
  `FECHA_HORA_CREACION` datetime DEFAULT NULL,
  `USUARIO_MODIFICACION` varchar(99) COLLATE utf8_unicode_ci DEFAULT NULL,
  `FECHA_HORA_MODIFICACION` datetime DEFAULT NULL,
  PRIMARY KEY (`MYSTERY_SHOPPER_ID`),
  KEY `FKMYSTERY_SH837419_idx` (`SUCURSAL_ID`),
  CONSTRAINT `FKMYSTERY_SH837419` FOREIGN KEY (`SUCURSAL_ID`) REFERENCES `SUCURSALES` (`SUCURSAL_ID`) ON DELETE NO ACTION ON UPDATE NO ACTION
) ENGINE=InnoDB AUTO_INCREMENT=705 DEFAULT CHARSET=utf8 COLLATE=utf8_unicode_ci;

CREATE TABLE `MYSTERY_SHOPPER_DETALLE` (
  `MYSTERY_SHOPPER_DETALLE_ID` int(11) NOT NULL AUTO_INCREMENT,
  `MYSTERY_SHOPPER_ID` int(11) NOT NULL,
  `TAREA_DET_ID` int(10) NOT NULL,
  `ESTATUS` varchar(1) COLLATE utf8_unicode_ci DEFAULT NULL,
  PRIMARY KEY (`MYSTERY_SHOPPER_DETALLE_ID`),
  KEY `FKMYSTERY_SH352655` (`MYSTERY_SHOPPER_ID`),
  KEY `FKMYSTERY_SH592812_idx` (`TAREA_DET_ID`),
  CONSTRAINT `FKMYSTERY_SH352655` FOREIGN KEY (`MYSTERY_SHOPPER_ID`) REFERENCES `MYSTERY_SHOPPER` (`MYSTERY_SHOPPER_ID`),
  CONSTRAINT `FKMYSTERY_SH592812` FOREIGN KEY (`TAREA_DET_ID`) REFERENCES `TAREA_DETALLE` (`TAREA_DET_ID`)
) ENGINE=InnoDB AUTO_INCREMENT=22366 DEFAULT CHARSET=utf8 COLLATE=utf8_unicode_ci;

CREATE TABLE `RESPUESTA_TAREA_DETALLE` (
  `RESPUESTA_TAREA_DETALLE_ID` int(10) NOT NULL AUTO_INCREMENT,
  `TAREA_DET_ID` int(10) NOT NULL,
  `SUCURSAL_ID` int(10) NOT NULL,
  `MYSTERY_SHOPPER_DETALLE_ID` int(11) DEFAULT NULL,
  `TIPO_DATO` varchar(10) COLLATE utf8_unicode_ci NOT NULL,
  `RESULTADO` varchar(250) COLLATE utf8_unicode_ci NOT NULL,
  `USUARIO_CREADOR` varchar(99) COLLATE utf8_unicode_ci NOT NULL,
  `FECHA_HORA_CREACION` datetime NOT NULL,
  `USUARIO_MODIFICACION` varchar(99) COLLATE utf8_unicode_ci DEFAULT NULL,
  `FECHA_HORA_MODIFICACION` datetime DEFAULT NULL,
  PRIMARY KEY (`RESPUESTA_TAREA_DETALLE_ID`),
  KEY `FKRESPUESTA_690313` (`TAREA_DET_ID`),
  KEY `FKRESPUESTA1_idx` (`SUCURSAL_ID`),
  CONSTRAINT `FKRESPUESTA1` FOREIGN KEY (`SUCURSAL_ID`) REFERENCES `SUCURSALES` (`SUCURSAL_ID`) ON DELETE NO ACTION ON UPDATE NO ACTION,
  CONSTRAINT `FKRESPUESTA_690313` FOREIGN KEY (`TAREA_DET_ID`) REFERENCES `TAREA_DETALLE` (`TAREA_DET_ID`)
) ENGINE=InnoDB AUTO_INCREMENT=10512 DEFAULT CHARSET=utf8 COLLATE=utf8_unicode_ci;

CREATE TABLE `SOLUCION` (
  `SOLUCION_ID` int(11) NOT NULL AUTO_INCREMENT,
  `SUCURSAL_ID` int(11) DEFAULT NULL,
  `ESTATUS` varchar(1) COLLATE utf8_unicode_ci DEFAULT NULL,
  `FECHA` date DEFAULT NULL,
  `HORA_INICIO` time DEFAULT NULL,
  `HORA_FIN` time DEFAULT NULL,
  `USUARIO_CREACION` varchar(50) COLLATE utf8_unicode_ci DEFAULT NULL,
  `FECHA_HORA_CREACION` datetime DEFAULT NULL,
  `USUARIO_MODIFICACION` varchar(50) COLLATE utf8_unicode_ci DEFAULT NULL,
  `FECHA_HORA_MODIFICACION` datetime DEFAULT NULL,
  `FALTANTES_ID` int(11) DEFAULT NULL,
  PRIMARY KEY (`SOLUCION_ID`),
  KEY `FALTANTES_ID` (`FALTANTES_ID`),
  CONSTRAINT `SOLUCION_ibfk_1` FOREIGN KEY (`FALTANTES_ID`) REFERENCES `FALTANTES` (`FALTANTES_ID`)
) ENGINE=InnoDB AUTO_INCREMENT=55 DEFAULT CHARSET=utf8 COLLATE=utf8_unicode_ci;

CREATE TABLE `CHEQUEO_COMPETENCIA_DETALLE` (
  `CHEQUEO_COMPETENCIA_DETALLE_ID` int(11) NOT NULL AUTO_INCREMENT,
  `CHEQUEO_COMPETENCIA_ID` int(11) NOT NULL,
  `SUCURSALES_CHEQUEO_COMPETENCIA_ID` int(11) NOT NULL,
  `ASIGNACION_ID` int(11) DEFAULT NULL,
  `ATENCION_CLIENTES` varchar(1) COLLATE utf8_unicode_ci DEFAULT NULL,
  `CANTIDAD_CLIENTES` int(11) DEFAULT NULL,
  `CANTIDAD_ACTIVACIONES` int(11) DEFAULT NULL,
  PRIMARY KEY (`CHEQUEO_COMPETENCIA_DETALLE_ID`),
  KEY `FKCHEQUEO_CO929005` (`CHEQUEO_COMPETENCIA_ID`),
  KEY `FKCHEQUEO_CO929006_idx` (`SUCURSALES_CHEQUEO_COMPETENCIA_ID`),
  CONSTRAINT `FKCHEQUEO_CO929005` FOREIGN KEY (`CHEQUEO_COMPETENCIA_ID`) REFERENCES `CHEQUEO_COMPETENCIA` (`CHEQUEO_COMPETENCIA_ID`),
  CONSTRAINT `FKCHEQUEO_CO929006` FOREIGN KEY (`SUCURSALES_CHEQUEO_COMPETENCIA_ID`) REFERENCES `SUCURSALES_CHEQUEO_COMPETENCIA` (`SUCURSALES_CHEQUEO_COMPETENCIA_ID`) ON DELETE NO ACTION ON UPDATE NO ACTION
) ENGINE=InnoDB AUTO_INCREMENT=1139 DEFAULT CHARSET=utf8 COLLATE=utf8_unicode_ci;

CREATE TABLE `COMPETENCIA_CAJAS` (
  `COMPETENCIA_CAJAS_ID` int(10) NOT NULL AUTO_INCREMENT,
  `COMPETENCIA_CAJAS_CANTIDAD` int(10) NOT NULL,
  `COMPETENCIA_CAJAS_ABIERTAS` int(10) NOT NULL,
  `COMPETENCIA_CAJAS_CERRADAS` int(10) NOT NULL,
  `COMPETENCIA_CAJAS_MAS4CLIENTES` int(10) NOT NULL,
  `CHEQUEO_COMPETENCIA_DETALLE_ID` int(11) DEFAULT NULL,
  `HORA_INICIO` time DEFAULT NULL,
  `HORA_FIN` time DEFAULT NULL,
  `USUARIO_MODIFICACION` varchar(99) COLLATE utf8_unicode_ci DEFAULT NULL,
  `FECHA_HORA_MODIFICACION` datetime DEFAULT NULL,
  PRIMARY KEY (`COMPETENCIA_CAJAS_ID`),
  KEY `FKCOMP_CAJAS1_idx` (`CHEQUEO_COMPETENCIA_DETALLE_ID`),
  CONSTRAINT `FKCOMP_CAJAS1` FOREIGN KEY (`CHEQUEO_COMPETENCIA_DETALLE_ID`) REFERENCES `CHEQUEO_COMPETENCIA_DETALLE` (`CHEQUEO_COMPETENCIA_DETALLE_ID`) ON DELETE NO ACTION ON UPDATE NO ACTION
) ENGINE=InnoDB AUTO_INCREMENT=487 DEFAULT CHARSET=utf8 COLLATE=utf8_unicode_ci;

CREATE TABLE `CONTEO_CLIENTES` (
  `CONTEO_CLIENTES_ID` int(11) NOT NULL AUTO_INCREMENT,
  `CHEQUEO_COMPETENCIA_DETALLE_ID` int(11) NOT NULL,
  `CANTIDAD` int(11) DEFAULT NULL,
  `HORA_INICIO` time DEFAULT NULL,
  `HORA_FIN` time DEFAULT NULL,
  `USUARIO_CREADOR` varchar(99) COLLATE utf8_unicode_ci NOT NULL,
  `FECHA_HORA_CREACION` datetime NOT NULL,
  `USUARIO_MODIFICACION` varchar(99) COLLATE utf8_unicode_ci DEFAULT NULL,
  `FECHA_HORA_MODIFICACION` datetime DEFAULT NULL,
  PRIMARY KEY (`CONTEO_CLIENTES_ID`),
  KEY `FKCONTEO_CLI698481_idx` (`CHEQUEO_COMPETENCIA_DETALLE_ID`),
  CONSTRAINT `FKCONTEO_CLI698481` FOREIGN KEY (`CHEQUEO_COMPETENCIA_DETALLE_ID`) REFERENCES `CHEQUEO_COMPETENCIA_DETALLE` (`CHEQUEO_COMPETENCIA_DETALLE_ID`) ON DELETE NO ACTION ON UPDATE NO ACTION
) ENGINE=InnoDB AUTO_INCREMENT=475 DEFAULT CHARSET=utf8 COLLATE=utf8_unicode_ci;

CREATE TABLE `PERSONAL_ANAQUEL` (
  `PERSONAL_ANAQUEL_ID` int(10) NOT NULL AUTO_INCREMENT,
  `SUCURSAL_ID` int(10) NOT NULL,
  `CHEQUEO_COMPETENCIA_DETALLE_ID` int(11) DEFAULT NULL,
  `ESTATUS` varchar(1) COLLATE utf8_unicode_ci NOT NULL,
  `HORA_INICIO` time DEFAULT NULL,
  `HORA_FIN` time DEFAULT NULL,
  `FECHA_REVISION` date NOT NULL,
  `USUARIO_CREADOR` varchar(99) COLLATE utf8_unicode_ci NOT NULL,
  `FECHA_HORA_CREACION` datetime NOT NULL,
  `USUARIO_MODIFICACION` varchar(99) COLLATE utf8_unicode_ci DEFAULT NULL,
  `FECHA_HORA_MODIFICACION` datetime DEFAULT NULL,
  PRIMARY KEY (`PERSONAL_ANAQUEL_ID`),
  KEY `FKPERSONAL1_idx` (`SUCURSAL_ID`),
  KEY `FKPERSONAL2_idx` (`CHEQUEO_COMPETENCIA_DETALLE_ID`),
  CONSTRAINT `FKPERSONAL1` FOREIGN KEY (`SUCURSAL_ID`) REFERENCES `SUCURSALES` (`SUCURSAL_ID`) ON DELETE NO ACTION ON UPDATE NO ACTION,
  CONSTRAINT `FKPERSONAL2` FOREIGN KEY (`CHEQUEO_COMPETENCIA_DETALLE_ID`) REFERENCES `CHEQUEO_COMPETENCIA_DETALLE` (`CHEQUEO_COMPETENCIA_DETALLE_ID`) ON DELETE NO ACTION ON UPDATE NO ACTION
) ENGINE=InnoDB AUTO_INCREMENT=503 DEFAULT CHARSET=utf8 COLLATE=utf8_unicode_ci;

CREATE TABLE `PERSONAL_ANAQUEL_DETALLE` (
  `PERSONAL_ANAQUEL_DETALLE_ID` int(10) NOT NULL AUTO_INCREMENT,
  `PERSONAL_ANAQUEL_ID` int(10) NOT NULL,
  `PROVEEROR_ID` int(10) DEFAULT NULL,
  `CANTIDAD` int(10) NOT NULL,
  PRIMARY KEY (`PERSONAL_ANAQUEL_DETALLE_ID`),
  KEY `FKPERSONAL_A623726` (`PERSONAL_ANAQUEL_ID`),
  CONSTRAINT `FKPERSONAL_A623726` FOREIGN KEY (`PERSONAL_ANAQUEL_ID`) REFERENCES `PERSONAL_ANAQUEL` (`PERSONAL_ANAQUEL_ID`)
) ENGINE=InnoDB AUTO_INCREMENT=1348 DEFAULT CHARSET=utf8 COLLATE=utf8_unicode_ci;

CREATE TABLE `ACTIVACION` (
  `ACTIVACION_ID` int(11) NOT NULL AUTO_INCREMENT,
  `CHEQUEO_COMPETENCIA_DETALLE_ID` int(11) NOT NULL,
  `ESTATUS` varchar(1) COLLATE utf8_unicode_ci DEFAULT NULL,
  `HORA_INICIO` time DEFAULT NULL,
  `HORA_FIN` time DEFAULT NULL,
  `USUARIO_CREADOR` varchar(99) COLLATE utf8_unicode_ci NOT NULL,
  `FECHA_HORA_CREACION` datetime NOT NULL,
  `USUARIO_MODIFICACION` varchar(99) COLLATE utf8_unicode_ci DEFAULT NULL,
  `FECHA_HORA_MODIFICACION` datetime DEFAULT NULL,
  PRIMARY KEY (`ACTIVACION_ID`),
  KEY `FKACTIVACION646193_idx` (`CHEQUEO_COMPETENCIA_DETALLE_ID`),
  CONSTRAINT `FKACTIVACION646193` FOREIGN KEY (`CHEQUEO_COMPETENCIA_DETALLE_ID`) REFERENCES `CHEQUEO_COMPETENCIA_DETALLE` (`CHEQUEO_COMPETENCIA_DETALLE_ID`) ON DELETE NO ACTION ON UPDATE NO ACTION
) ENGINE=InnoDB AUTO_INCREMENT=484 DEFAULT CHARSET=utf8 COLLATE=utf8_unicode_ci;

CREATE TABLE `ACTIVACION_DETALLE` (
  `ACTIVACION_DETALLE_ID` int(11) NOT NULL AUTO_INCREMENT,
  `ACTIVACION_ID` int(11) NOT NULL,
  `CATALOGO_CHEQUEO_ID` int(11) NOT NULL,
  `VALOR` varchar(5) COLLATE utf8_unicode_ci DEFAULT NULL,
  PRIMARY KEY (`ACTIVACION_DETALLE_ID`),
  KEY `FKACTIVACION984629` (`ACTIVACION_ID`),
  KEY `FKACTIVACION447511` (`CATALOGO_CHEQUEO_ID`),
  CONSTRAINT `FKACTIVACION447511` FOREIGN KEY (`CATALOGO_CHEQUEO_ID`) REFERENCES `CATALOGO_CHEQUEO` (`CATALOGO_CHEQUEO_ID`),
  CONSTRAINT `FKACTIVACION984629` FOREIGN KEY (`ACTIVACION_ID`) REFERENCES `ACTIVACION` (`ACTIVACION_ID`)
) ENGINE=InnoDB AUTO_INCREMENT=1428 DEFAULT CHARSET=utf8 COLLATE=utf8_unicode_ci;

CREATE TABLE `ASIGNACIONES_DETALLE` (
  `ASIGNACION_DETALLE_ID` int(11) NOT NULL AUTO_INCREMENT,
  `ASIGNACION_ID` int(11) NOT NULL,
  `ARTICULO_ID` int(10) NOT NULL,
  `SUCURSAL_ID` int(10) NOT NULL,
  `ESTATUS` varchar(1) COLLATE utf8_unicode_ci NOT NULL,
  `COMENTARIOS` varchar(200) COLLATE utf8_unicode_ci DEFAULT NULL,
  `UBICACION_NOMBRE` varchar(150) COLLATE utf8_unicode_ci DEFAULT NULL,
  `UBICACION_ID` int(11) DEFAULT NULL,
  `PRECIO_ETIQUETA` float DEFAULT NULL,
  `PRECIO_VERIFICADOR` float DEFAULT NULL,
  `SENALIZADO` varchar(1) COLLATE utf8_unicode_ci DEFAULT NULL,
  `COMPETITIVO` varchar(1) COLLATE utf8_unicode_ci DEFAULT NULL,
  `ESPACIO_ASIGNADO` varchar(1) COLLATE utf8_unicode_ci DEFAULT NULL,
  `EXHIBIDO` varchar(1) COLLATE utf8_unicode_ci DEFAULT NULL,
  `PRODUCTO_ETIQUETA` varchar(1) COLLATE utf8_unicode_ci DEFAULT NULL,
  `LIMPIEZA` varchar(1) COLLATE utf8_unicode_ci DEFAULT NULL,
  `OBSERVACIONES` blob,
  `USUARIO_CREADOR` varchar(99) COLLATE utf8_unicode_ci NOT NULL,
  `FECHA_HORA_CREACION` datetime NOT NULL,
  `USUARIO_MODIFICACION` varchar(99) COLLATE utf8_unicode_ci DEFAULT NULL,
  `FECHA_HORA_MODIFICACION` datetime DEFAULT NULL,
  PRIMARY KEY (`ASIGNACION_DETALLE_ID`),
  KEY `FKASIGNACION877065` (`ASIGNACION_ID`),
  KEY `FKASIGNACIONDETALLE1_idx` (`ARTICULO_ID`),
  KEY `FKASIGNACIONDETALLE2_idx` (`SUCURSAL_ID`),
  CONSTRAINT `FKASIGNACION877065` FOREIGN KEY (`ASIGNACION_ID`) REFERENCES `ASIGNACIONES` (`ASIGNACION_ID`),
  CONSTRAINT `FKASIGNACIONDETALLE1` FOREIGN KEY (`ARTICULO_ID`) REFERENCES `ARTICULOS` (`ARTICULO_ID`) ON DELETE NO ACTION ON UPDATE NO ACTION,
  CONSTRAINT `FKASIGNACIONDETALLE2` FOREIGN KEY (`SUCURSAL_ID`) REFERENCES `SUCURSALES` (`SUCURSAL_ID`) ON DELETE NO ACTION ON UPDATE NO ACTION
) ENGINE=InnoDB AUTO_INCREMENT=153469 DEFAULT CHARSET=utf8 COLLATE=utf8_unicode_ci;

CREATE TABLE `ASIGNACIONES_DETALLE_SUCURSALES` (
  `ASIGNACIONES_DETALLE_SUCURSALES_ID` int(11) NOT NULL AUTO_INCREMENT,
  `ASIGNACION_ID` int(11) NOT NULL,
  `SUCURSAL_ID` int(10) NOT NULL,
  `HORA_INICIO` time DEFAULT NULL,
  `HORA_FIN` time DEFAULT NULL,
  PRIMARY KEY (`ASIGNACIONES_DETALLE_SUCURSALES_ID`),
  KEY `FKCADUCIDADE80644_idx` (`SUCURSAL_ID`),
  KEY `FKASIGNACION818784_idx` (`ASIGNACION_ID`),
  CONSTRAINT `FKASIGNACION818784` FOREIGN KEY (`ASIGNACION_ID`) REFERENCES `ASIGNACIONES` (`ASIGNACION_ID`),
  CONSTRAINT `FKCADUCIDADE80644` FOREIGN KEY (`SUCURSAL_ID`) REFERENCES `SUCURSALES` (`SUCURSAL_ID`) ON DELETE NO ACTION ON UPDATE NO ACTION
) ENGINE=InnoDB AUTO_INCREMENT=4919 DEFAULT CHARSET=utf8 COLLATE=utf8_unicode_ci;

CREATE TABLE `ATENCION_CLIENTES` (
  `ATENCION_CLIENTES_ID` int(11) NOT NULL AUTO_INCREMENT,
  `CHEQUEO_COMPETENCIA_DETALLE_ID` int(11) NOT NULL,
  `ESTATUS` varchar(1) COLLATE utf8_unicode_ci DEFAULT NULL,
  `HORA_INICIO` time DEFAULT NULL,
  `HORA_FIN` time DEFAULT NULL,
  `USUARIO_CREADOR` varchar(99) COLLATE utf8_unicode_ci NOT NULL,
  `FECHA_HORA_CREACION` datetime NOT NULL,
  `USUARIO_MODIFICACION` varchar(99) COLLATE utf8_unicode_ci DEFAULT NULL,
  `FECHA_HORA_MODIFICACION` datetime DEFAULT NULL,
  PRIMARY KEY (`ATENCION_CLIENTES_ID`),
  KEY `FKATENCION_C235993_idx` (`CHEQUEO_COMPETENCIA_DETALLE_ID`),
  CONSTRAINT `FKATENCION_C235993` FOREIGN KEY (`CHEQUEO_COMPETENCIA_DETALLE_ID`) REFERENCES `CHEQUEO_COMPETENCIA_DETALLE` (`CHEQUEO_COMPETENCIA_DETALLE_ID`) ON DELETE NO ACTION ON UPDATE NO ACTION
) ENGINE=InnoDB AUTO_INCREMENT=478 DEFAULT CHARSET=utf8 COLLATE=utf8_unicode_ci;

CREATE TABLE `ATENCION_CLIENTES_DETALLE` (
  `ATENCION_CLIENTES_DETALLE_ID` int(11) NOT NULL AUTO_INCREMENT,
  `ATENCION_CLIENTES_ID` int(11) NOT NULL,
  `CATALOGO_CHEQUEO_ID` int(11) NOT NULL,
  `CATALOGO_ACTIVIDADES_ID` int(11) NOT NULL,
  `VALOR` varchar(5) COLLATE utf8_unicode_ci DEFAULT NULL,
  PRIMARY KEY (`ATENCION_CLIENTES_DETALLE_ID`),
  KEY `FKATENCION_C178821` (`CATALOGO_ACTIVIDADES_ID`),
  KEY `FKATENCION_C897917` (`CATALOGO_CHEQUEO_ID`),
  KEY `FKATENCION_C773829` (`ATENCION_CLIENTES_ID`),
  CONSTRAINT `FKATENCION_C178821` FOREIGN KEY (`CATALOGO_ACTIVIDADES_ID`) REFERENCES `CATALOGO_ACTIVIDADES` (`CATALOGO_ACTIVIDADES_ID`),
  CONSTRAINT `FKATENCION_C773829` FOREIGN KEY (`ATENCION_CLIENTES_ID`) REFERENCES `ATENCION_CLIENTES` (`ATENCION_CLIENTES_ID`),
  CONSTRAINT `FKATENCION_C897917` FOREIGN KEY (`CATALOGO_CHEQUEO_ID`) REFERENCES `CATALOGO_CHEQUEO` (`CATALOGO_CHEQUEO_ID`)
) ENGINE=InnoDB AUTO_INCREMENT=2990 DEFAULT CHARSET=utf8 COLLATE=utf8_unicode_ci;

CREATE TABLE `REPOSITORIO_PRODUCTO_PRECIO` (
  `REPOSITORIO_PRODUCTO_PRECIO_ID` int(10) NOT NULL AUTO_INCREMENT,
  `ASIGNACION_DETALLE_ID` int(10) NOT NULL,
  `RUTA_IMAGEN` varchar(255) COLLATE utf8_unicode_ci NOT NULL,
  PRIMARY KEY (`REPOSITORIO_PRODUCTO_PRECIO_ID`),
  KEY `FKREPOSITORI973968` (`ASIGNACION_DETALLE_ID`),
  CONSTRAINT `FKREPOSITORI973968` FOREIGN KEY (`ASIGNACION_DETALLE_ID`) REFERENCES `ASIGNACIONES_DETALLE` (`ASIGNACION_DETALLE_ID`)
) ENGINE=InnoDB AUTO_INCREMENT=326610 DEFAULT CHARSET=utf8 COLLATE=utf8_unicode_ci;



INSERT INTO `PARAMETROS` VALUES (1,'SOLICITAR_SIEMPRE','ASISTENCIA','S'),(2,'HACER_FALTANTES_SIN_SOLUCION','SOLUCION','N');

INSERT INTO `CATALOGO_CHEQUEO` VALUES (1,'ABARROTES','A','Admin','2021-09-15 13:04:50',NULL,NULL),(2,'PERECEDEROS','A','Admin','2021-09-15 13:04:50',NULL,NULL),(3,'MERCANCIAS GENERALES','A','Admin','2021-09-15 13:04:50',NULL,NULL);

INSERT INTO `CATALOGO_ACTIVIDADES` VALUES (1,'Trato cordial y/o amable','A','Admin','2021-09-15 13:07:40',NULL,NULL),(2,'Acompañamiento a cliente hasta el producto','A','Admin','2021-09-15 13:07:40',NULL,NULL);

INSERT INTO `TAREAS` VALUES (1,'A','Estacionamiento','MHerrera','2021-07-23',NULL,NULL,1),(2,'A','Fachada','MHerrera','2021-07-23',NULL,NULL,2),(3,'A','Carritos y/o canastillas','MHerrera','2021-07-23',NULL,NULL,5),(4,'A','Sanitización','MHerrera','2021-07-23',NULL,NULL,6),(5,'A','Baños','MHerrera','2021-07-23',NULL,NULL,7),(6,'B','Iluminación','MHerrera','2021-07-23',NULL,NULL,NULL),(7,'A','Música de ambientación','MHerrera','2021-07-23',NULL,NULL,8),(8,'A','Frescura de perecederos','MHerrera','2021-07-23',NULL,NULL,10),(9,'A','Línea de cajas','MHerrera','2021-07-23',NULL,NULL,11),(10,'A','Ofertas','MHerrera','2021-10-29',NULL,NULL,12),(11,'A','Atención a clientes','MHerrera','2021-10-29',NULL,NULL,13),(12,'B','Conteo de clientes','Mherrera','2021-10-29',NULL,NULL,14),(13,'A','Atención PDV','MHerrera','2021-10-29',NULL,NULL,15),(14,'A','Verificadores','MHerrera','2021-10-29',NULL,NULL,16),(15,'B','Atención de cajas','MHerrera','2021-10-29',NULL,NULL,NULL),(16,'A','Protocolo línea de cajas','Mherrera','2021-10-29',NULL,NULL,17),(20,'A','Imagen general de tienda','MHERRERA','2023-10-09',NULL,NULL,3),(21,'A','Imagen del personal de tienda','MHERRERA','2023-10-09',NULL,NULL,4),(22,'A','Estado de mercancía','MHERRERA','2023-10-09',NULL,NULL,9);

INSERT INTO `TAREA_DETALLE` VALUES (4,1,'B','Pintado',NULL,NULL,NULL,'S','PINT','STRING','S',0,0),
(5,1,'A','Cajones de discapacidad',NULL,NULL,NULL,'S','DISC','STRING','S',0,4),
(6,1,'A','Cajones pick & go',NULL,NULL,NULL,'S','PICK','STRING','S',0,5),
(7,2,'A','Señalamientos de entrada/salida',NULL,NULL,NULL,'S','ENTSAL','STRING','S',0,2),
(8,2,'A','Grafiti',NULL,NULL,NULL,'S','GRAF','STRING','N',0,1),
(9,2,'A','Buenas condiciones',NULL,NULL,NULL,'S','BUECON','STRING','N',0,4),
(10,3,'B','Sanitizado',NULL,NULL,NULL,'S','SANI','STRING','N',0,NULL),
(11,3,'A','Buen estado',NULL,NULL,NULL,'S','ESTADO','STRING','N',0,1),
(12,4,'A','Toma de temperatura',NULL,NULL,NULL,'S','TEMPE','STRING','S',0,1),
(13,4,'A','Tapete con sanitizante',NULL,NULL,NULL,'S','TAPETE','STRING','S',0,2),
(14,4,'A','Gel antibacterial',NULL,NULL,NULL,'S','GELANTI','STRING','S',0,3),
(15,5,'A','Número de baños',NULL,NULL,NULL,'S','NUMBAN','INT','S',0,1),
(16,5,'A','Cuentan con jabón',NULL,NULL,NULL,'S','JABON','STRING','N',0,3),
(17,5,'A','Buen olor',NULL,NULL,NULL,'N','OLOR','STRING','N',0,4),
(18,5,'A','Cuentan con papel',NULL,NULL,NULL,'S','PAPEL','STRING','N',0,5),
(19,5,'A','Limpieza',NULL,NULL,NULL,'S','LIMPIEZA','STRING','N',0,6),
(20,6,'B','Cuenta con tragaluz',NULL,NULL,NULL,'S','TRAGALUZ','STRING','S',0,NULL),
(22,6,'B','Número de lámparas sin funcionar',NULL,NULL,NULL,'S','SLAMPARAS','INT','S',0,NULL),
(23,7,'A','Música de ambientación',NULL,NULL,NULL,'N','AMBIENTE','STRING','S',0,1),
(24,8,'A','Frutas y verduras',NULL,NULL,NULL,'S','FRUVER','STRING','S',0,1),
(25,8,'A','Lácteos',NULL,NULL,NULL,'S','LACTEOS','STRING','S',0,2),
(26,8,'A','Carnes',NULL,NULL,NULL,'S','CARNES','STRING','S',0,3),
(27,9,'A','Número de cajas',NULL,NULL,NULL,'S','CAJAS','INT','N',0,1),
(28,9,'A','Cajas abiertas disponibles',NULL,NULL,NULL,'S','CAJASAB','INT','N',0,2),
(29,9,'A','Cajas autocobro',NULL,NULL,NULL,'S','AUTOCOBRO','INT','S',0,3),
(30,9,'A','Cajas pick & go',NULL,NULL,NULL,'S','CAJASPGO','INT','S',0,6),
(31,9,'A','Cajas limpias',NULL,NULL,NULL,'S','CAJASLIM','STRING','N',0,7),
(32,9,'A','Mercancía de checado',NULL,NULL,NULL,'S','CHECADO','STRING','N',0,8),
(33,10,'A','Folletos en tienda',NULL,NULL,NULL,'S','FOLLETO','STRING','S',0,1),
(34,11,'A','Al preguntar por un producto, personal de tienda acompañó al cliente hasta la ubicación del producto solicitado',NULL,NULL,NULL,'N','ACOMPAÑO','STRING','N',0,2),
(35,11,'A','Recibí trato cordial y/o amable',NULL,NULL,NULL,'N','TRATO','STRING','N',0,3),
(37,11,'A','Clientes en tienda',NULL,NULL,NULL,'N','CLIENTEST','INT','N',0,12),
(38,13,'A','Cantidad personal interno atendiendo anaquel ',NULL,NULL,NULL,'N','PERINT','INT','N',0,1),
(39,13,'A','Cantidad personal externo atendiendo anaquel ',NULL,NULL,NULL,'N','PEREXT','INT','N',0,2),
(40,13,'B','Cajas sembradas y obstrucción de pasillos',NULL,NULL,NULL,'S','CAJASPASILLO','STRING','N',0,4),
(41,14,'A','Cantidad en tienda',NULL,NULL,NULL,'N','VERIFICADORES','INT','S',0,1),
(42,14,'A','Cantidad funcional',NULL,NULL,NULL,'N','VERIFFUNCION','INT','N',0,2),
(43,15,'A','Total de cajas',NULL,NULL,NULL,'N','CAJASTOT','INT','N',0,NULL),
(44,15,'A','Cajas abiertas disponibles',NULL,NULL,NULL,'N','CAJASDISP','INT','N',0,NULL),
(45,15,'A','Cajas limpias',NULL,NULL,NULL,'S','CAJASLIMP','STRING','N',0,NULL),
(46,15,'A','Mercancia de checado',NULL,NULL,NULL,'S','MERCACHECA','STRING','N',0,NULL),
(47,16,'A','Recibo saludo de bienvenida de la tienda',NULL,NULL,NULL,'N','SALUDO','STRING','N',0,1),
(48,16,'A','Solicitan al cliente tarjeta de la tienda',NULL,NULL,NULL,'N','TARJETA','STRING','S',0,2),
(50,16,'A','Preguntan al cliente si encontró lo que buscaba',NULL,NULL,NULL,'N','PREGCLIENT','STRING','S',0,4),
(51,16,'A','Toman nota de los artículos que no se encontraron',NULL,NULL,NULL,'N','TOMANOTA','STRING','S',0,5),
(52,16,'A','Ofrecen recarga telefónica o venta de check out',NULL,NULL,NULL,'N','OFRECIERON','STRING','S',0,6),
(53,16,'A','Mencionan la cantidad que se debe pagar',NULL,NULL,NULL,'N','MENCCANT','STRING','N',0,7),
(54,16,'A','Preguntan si gustan redondear y mencionar el programa',NULL,NULL,NULL,'N','REDONDEO','STRING','S',0,8),
(56,16,'A','En caso de pagar en efectivo mencionan la cantidad de cambio',NULL,NULL,NULL,'N','CAMBIO','STRING','S',0,10),
(57,16,'A','Empacan la mercancía del cliente en caso de no tener asistencia',NULL,NULL,NULL,'N','EMPACAR','STRING','S',0,11),
(58,16,'A','Despiden al cliente deseándole excelente día',NULL,NULL,NULL,'N','DESPEDIDA','STRING','N',0,12),
(62,18,'A','Layouts autorizado por Gerencia de mercadeo',NULL,NULL,NULL,'N','LAYAUT','STRING','N',0,0),
(63,18,'A','Frenteo de los productos en base a un Planogramas',NULL,NULL,NULL,'N','FRENTEO','STRING','N',0,0),
(64,18,'A','Publicidad del mes colocado y en buenas condiciones',NULL,NULL,NULL,'N','PUBMES','STRING','N',0,0),
(65,18,'A','Publicidad institucional colocada y en buenas condiciones',NULL,NULL,NULL,'N','PUBINS','STRING','N',0,0),
(66,2,'B','Limpieza del estacionamiento',NULL,NULL,NULL,'N','CLA1','STRING','N',0,0),
(67,2,'B','Limpieza de vidrieras y puertas',NULL,NULL,NULL,'N','CLA2','STRING','N',0,0),
(68,2,'B','Iluminación (apagada en el día prendida en la noche)',NULL,NULL,NULL,'N','CLA3','STRING','N',0,0),
(69,2,'B','Anuncio de paleta en buen estado',NULL,NULL,NULL,'N','CLA4','STRING','N',0,0),
(70,2,'B','Marquesina en buen estado',NULL,NULL,NULL,'N','CLA5','STRING','N',0,0),
(71,19,'A','Imagen y presentación de los empleados',NULL,NULL,NULL,'N','CLA6','STRING','N',0,0),
(72,19,'A','Limpieza de pisos y paredes de la sucursal',NULL,NULL,NULL,'N','CLA7','STRING','N',0,0),
(73,19,'A','Plafones completos y limpios en la sucursal',NULL,NULL,NULL,'N','CLA8','STRING','N',0,0),
(74,19,'A','Limpieza del estacionamiento',NULL,NULL,NULL,'N','CLA9','STRING','N',0,0),
(75,3,'B','Anaqueles limpios',NULL,NULL,NULL,'N','CLA10','STRING','N',0,0),
(76,9,'A','Surtido en check out (incluyendo refrigeradores)',NULL,NULL,NULL,'S','SCHO','STRING','N',0,9),
(77,13,'B','Trato cordial y/o amable',NULL,NULL,NULL,'N','CLA12','STRING','N',0,0),
(78,1,'A','Señalamientos de entrada y salida',NULL,NULL,NULL,'S','SES','STRING','S',0,1),
(79,1,'A','Limpio',NULL,NULL,NULL,'S','LIMP','STRING','S',0,2),
(80,1,'A','Delimitación de cajones en buen estado',NULL,NULL,NULL,'S','DELC','STRING','S',0,3),
(81,1,'A','Cuenta con vigilancia',NULL,NULL,NULL,'N','CCV','STRING','S',0,6),
(82,1,'A','Rampas de acceso',NULL,NULL,NULL,'S','RAMA','STRING','S',0,7),
(83,2,'A','Puertas de acceso a tienda, señalizadas Jale o Empuje',NULL,NULL,NULL,'S','PUEAC','STRING','S',0,3),
(84,2,'A','Anuncio espectacular o de paleta en buen estado',NULL,NULL,NULL,'S','ANUN','STRING','S',0,5),
(85,2,'A','Luces externas encendidas de noche apagadas de dia',NULL,NULL,NULL,'S','LUEX','STRING','S',0,6),
(86,20,'A','Vidrieras y puertas de acceso limpias',NULL,NULL,NULL,'S','VYPAL','STRING','S',0,1),
(87,20,'A','Pisos y paredes de tienda limpios',NULL,NULL,NULL,'S','PPTL','STRING','N',0,2),
(88,20,'A','Techo y/o plafones limpios y completos en tienda',NULL,NULL,NULL,'S','TPLC','STRING','N',0,3),
(89,20,'A','Anaqueles limpios',NULL,NULL,NULL,'S','AL','STRING','N',0,4),
(90,20,'A','Clima correcto en piso de venta',NULL,NULL,NULL,'N','CCPV','STRING','N',0,5),
(91,20,'A','Número de lámparas sin funcionar',NULL,NULL,NULL,'S','NLSF','INT','S',0,6),
(92,21,'A','Buena presentación y limpieza del personal interno',NULL,NULL,NULL,'S','BPLPI','STRING','N',0,1),
(93,21,'A','Personal porta uniforme y/o identificación claramente visibles',NULL,NULL,NULL,'S','PPUCV','STRING','N',0,2),
(94,3,'A','Ordenados',NULL,NULL,NULL,'S','ORD','STRING','N',0,2),
(95,3,'A','Suficientes a espera del cliente',NULL,NULL,NULL,'S','SAEC','STRING','N',0,3),
(96,4,'A','Carritos sanitizados',NULL,NULL,NULL,'S','CARSA','STRING','S',0,4),
(97,4,'A','Promueven sana distancia',NULL,NULL,NULL,'S','PRSD','STRING','S',0,5),
(98,4,'A','Promueven uso de cubrebocas',NULL,NULL,NULL,'S','PUDC','STRING','S',0,6),
(99,5,'A','Buen estado',NULL,NULL,NULL,'S','BEDO','STRING','N',0,7),
(100,7,'A','Volumen correcto',NULL,NULL,NULL,'N','VOLCO','STRING','N',0,2),
(101,7,'A','Género musical adecuado',NULL,NULL,NULL,'N','GENMUS','STRING','N',0,3),
(102,22,'A','Limpieza y orden de productos',NULL,NULL,NULL,'S','LYOP','STRING','N',0,1),
(103,22,'A','Frenteo de mercancía',NULL,NULL,NULL,'S','FREMER','STRING','N',0,2),
(104,22,'A','Merma en piso de venta',NULL,NULL,NULL,'S','SMPV','STRING','N',0,3),
(105,8,'A','Pescadería',NULL,NULL,NULL,'S','PESC','STRING','S',0,4),
(106,8,'A','Panadería',NULL,NULL,NULL,'S','PAN','STRING','S',0,5),
(107,10,'A','Publicación de ofertas en acceso',NULL,NULL,NULL,'S','PUBOA','STRING','S',0,2),
(108,10,'A','Publicación visible en piso de venta de ofertas vigentes',NULL,NULL,NULL,'S','PUBOV','STRING','S',0,3),
(109,10,'A','Voceo de ofertas en tienda',NULL,NULL,NULL,'N','VOET','STRING','S',0,4),
(110,10,'A','Exhibición principal con ofertas y productos de temporada',NULL,NULL,NULL,'S','EPOPT','STRING','S',0,5),
(111,10,'A','Existencia suficiente de artículos en oferta en anaquel o exhibiciones',NULL,NULL,NULL,'S','ESAO','STRING','S',0,6),
(112,11,'A','Fuí recibido/a con una sonrisa y un saludo amable al entrar al establecimiento',NULL,NULL,NULL,'N','SONAM','STRING','N',0,1),
(113,11,'A','Cantidad de clientes en espera de atención haciendo fila en salchichonería',NULL,NULL,NULL,'N','CLISAL','INT','S',0,4),
(114,11,'A','Atención suficiente de personal vs cantidad de clientes en fila',NULL,NULL,NULL,'N','FILASAL','STRING','S',0,5),
(115,11,'A','Cantidad de clientes en espera de atención haciendo fila en panadería',NULL,NULL,NULL,'N','CLIPAN','INT','S',0,6),
(116,11,'A','Atención suficiente de personal vs cantidad de clientes en fila',NULL,NULL,NULL,'N','FILAPAN','STRING','S',0,7),
(117,13,'B','Atención suficiente vs cantidad en fila',NULL,NULL,NULL,'S','ASVCF','STRING','N',0,3),
(118,13,'A','Pasillos limpios',NULL,NULL,NULL,'S','PASLIM','STRING','N',0,4),
(119,13,'A','Anaqueles ordenados',NULL,NULL,NULL,'S','AOCE','STRING','N',0,5),
(120,13,'A','Productos dañados',NULL,NULL,NULL,'S','PRODA','STRING','N',0,7),
(121,13,'A','Encontré fácilmente los artículos que buscaba',NULL,NULL,NULL,'N','EFAB','STRING','N',0,9),
(122,13,'A','Suficiente stock de los productos de la canasta básica',NULL,NULL,NULL,'S','SSPP','STRING','N',0,10),
(123,13,'B','Falta de algún producto que debería estar disponible',NULL,NULL,NULL,'S','FAPDD','STRING','S',0,12),
(124,13,'A','Precios estaban claramente señalizados en los productos',NULL,NULL,NULL,'S','PECMP','STRING','N',0,11),
(125,13,'A','Ofertas y descuentos estaban correctamente señalizados y vigentes',NULL,NULL,NULL,'S','ODESV','STRING','N',0,12),
(126,13,'A','Cuentan con medidas para garantizar la seguridad de los clientes',NULL,NULL,NULL,'S','CMGSC','STRING','N',0,13),
(127,16,'A','Solicitan al cliente ingresar a app de la tienda para aplicar descuentos o promociones',NULL,NULL,NULL,'N','APPTIE','STRING','S',0,3),
(128,16,'A','En caso de pagar con tarjeta de débito preguntan si desea retirar efectivo',NULL,NULL,NULL,'N','RETEFE','STRING','S',0,9),
(129,16,'A','Personal de caja es rápido y eficiente en el proceso de pago',NULL,NULL,NULL,'N','EFIPAG','STRING','N',0,13),
(130,16,'B','Algún problema con el sistema de precios al pagar',NULL,NULL,NULL,'N','PROPAG','STRING','N',0,14),
(131,5,'A','Número de baños funcionando',NULL,NULL,NULL,'S','NDBF','INT','N',0,2),
(132,8,'A','Salchichonería',NULL,NULL,NULL,'S','SAL','STRING','S',0,6),
(133,9,'A','Cajas autocobro abiertas disponibles',NULL,NULL,NULL,'S','CAAD','INT','N',0,4),
(134,9,'A','Algún problema con el sistema de precios al pagar',NULL,NULL,NULL,'N','APSPP','STRING','N',0,5),
(135,11,'A','Cantidad de clientes en espera de atención haciendo fila en carnes',NULL,NULL,NULL,'N','CLICAR','INT','S',0,8),
(136,11,'A','Atención suficiente de personal vs cantidad de clientes en fila',NULL,NULL,NULL,'N','FILACAR','STRING','S',0,9),
(137,11,'A','Cantidad de clientes en espera de atención haciendo fila en línea de cajas (tomar en cuenta la fila más larga)',NULL,NULL,NULL,'N','CLILN','INT','S',0,10),(138,13,'A','Anaqueles correctamente etiquetados',NULL,NULL,NULL,'S','ACE','STRING','N',0,6),
(139,11,'A','Atención suficiente de personal vs cantidad de clientes en fila',NULL,NULL,NULL,'N','FILALN','STRING','S',0,11),
(140,13,'A','Productos caducados',NULL,NULL,NULL,'S','PROCA','STRING','N',0,8),
(141,13,'A','Cajas sembradas y obstrucción de pasillos',NULL,NULL,NULL,'S','CSOP','STRING','N',0,3);

